Entry Date,Exit Date,Entry Spot,Exit Spot,Put Expiry,Put Strike,Put EntryPrice,Put Entry Turnover,Put ExitPrice,Put Exit Turnover,Put P&L,Call Expiry,Call Strike,Call EntryPrice,Call Entry Turnover,Call ExitPrice,Call Exit Turnover,Call P&L,Net P&L
2019-04-30,2019-05-08,11748.15,11359.45,2019-05-09,11800.0,110.4,44002.49,421.5,30674.01,-311.1,2019-05-09,11800.0,55.9,232277.19,1.15,1108665.6,54.75,-256.35
2019-05-08,2019-05-10,11359.45,11278.9,2019-05-16,11400.0,101.4,351654.25,156.45,563520.73,-55.05,2019-05-16,11400.0,99.7,180350.31,53.1,2604299.86,46.6,-8.45
2019-10-31,2019-11-06,11877.45,11966.05,2019-11-07,11900.0,106.95,669438.02,13.35,5008788.06,93.6,2019-11-07,11900.0,83.15,833136.23,86.95,3767482.87,-3.8,89.8
2019-11-06,2019-11-13,11966.05,11840.45,2019-11-14,12000.0,102.9,162267.74,160.25,808231.69,-57.35,2019-11-14,12000.0,87.5,382161.99,3.1,4506694.38,84.4,27.05
2019-11-13,2019-11-20,11840.45,11999.1,2019-11-21,11900.0,118.7,287280.25,8.45,4092933.57,110.25,2019-11-21,11900.0,70.0,293661.66,111.85,1153214.96,-41.85,68.4
2019-11-20,2019-11-27,11999.1,12100.7,2019-11-28,12100.0,132.95,212871.8,27.4,4266041.11,105.55,2019-11-28,12100.0,50.9,737750.53,38.4,4932795.21,12.5,118.05
2019-11-27,2019-11-29,12100.7,12056.05,2019-12-05,12200.0,130.0,41741.4,157.05,533975.08,-27.05,2019-12-05,12200.0,47.15,233746.23,20.6,2298054.08,26.55,-0.5
2020-01-31,2020-02-05,11962.1,12089.15,2020-02-06,12000.0,158.35,1672318.12,8.8,6558993.36,149.55,2020-02-06,12000.0,137.15,1313947.69,93.9,7352091.31,43.25,192.8
2020-02-05,2020-02-12,12089.15,12201.2,2020-02-13,12100.0,99.8,74821.43,4.8,4291033.96,95.0,2020-02-13,12100.0,72.95,350299.98,118.4,1533523.17,-45.45,49.55
2020-02-12,2020-02-19,12201.2,12125.9,2020-02-20,12300.0,124.65,20515.4,169.45,52666.14,-44.8,2020-02-20,12300.0,40.9,241147.62,1.45,1910892.71,39.45,-5.35
2020-02-19,2020-02-26,12125.9,11678.5,2020-02-27,12200.0,111.75,250856.69,503.3,43700.38,-391.55,2020-02-27,12200.0,53.65,1348885.5,1.15,1111392.71,52.5,-339.05
2020-02-26,2020-02-28,11678.5,11201.75,2020-03-05,11700.0,126.15,368560.64,523.45,168078.79,-397.3,2020-03-05,11700.0,122.3,263965.05,11.3,1832604.42,111.0,-286.3
2022-07-29,2022-08-03,17158.25,17388.15,2022-08-04,17200.0,135.9,5597829.6,18.3,32658615.09,117.6,2022-08-04,17200.0,109.6,18980036.97,199.3,12112461.56,-89.7,27.9
2022-08-03,2022-08-10,17388.15,17534.75,2022-08-11,17500.0,240.05,193158.44,62.65,36784098.43,177.4,2022-08-11,17500.0,128.25,1371650.93,100.15,34433819.6,28.1,205.5
2022-08-10,2022-08-17,17534.75,17944.25,2022-08-18,17600.0,198.55,405009.66,5.6,10287277.13,192.95,2022-08-18,17600.0,142.15,863159.51,357.3,462940.61,-215.15,-22.2
2022-08-17,2022-08-24,17944.25,17604.95,2022-08-25,18000.0,155.95,1256683.98,385.9,331080.03,-229.95,2022-08-25,18000.0,135.65,2845854.83,2.3,14191774.08,133.35,-96.6
2022-08-24,2022-08-30,17604.95,17759.3,2022-09-01,17700.0,186.2,436052.38,55.25,12119249.79,130.95,2022-09-01,17700.0,131.9,1626094.48,122.25,34208977.55,9.65,140.6
2022-10-31,2022-11-02,18012.2,18082.85,2022-11-03,18100.0,153.3,2752555.2,86.2,31874859.49,67.1,2022-11-03,18100.0,60.15,13616243.05,81.0,25853497.33,-20.85,46.25
2022-11-02,2022-11-09,18082.85,18157.0,2022-11-10,18200.0,217.35,531053.6,75.25,39567214.47,142.1,2022-11-10,18200.0,131.0,922904.16,43.85,39535145.19,87.15,229.25
2022-11-09,2022-11-16,18157.0,18409.65,2022-11-17,18200.0,155.75,1501730.37,7.75,19058198.91,148.0,2022-11-17,18200.0,144.05,1498515.57,217.45,3396789.26,-73.4,74.6
2022-11-16,2022-11-23,18409.65,18267.25,2022-11-24,18500.0,158.65,1515469.8,213.0,2996171.67,-54.35,2022-11-24,18500.0,111.65,2966289.82,2.75,15779386.82,108.9,54.55
2022-11-23,2022-11-30,18267.25,18758.35,2022-12-01,18400.0,156.95,710479.8,4.35,15057273.95,152.6,2022-12-01,18400.0,80.55,1372708.2,345.1,1108026.15,-264.55,-111.95
2023-04-28,2023-05-03,18065.0,18089.85,2023-05-04,18200.0,154.75,1216491.06,118.6,15494256.46,36.15,2023-05-04,18200.0,17.15,15757758.52,12.0,43809566.2,5.15,41.3
2023-05-03,2023-05-10,18089.85,18315.1,2023-05-11,18200.0,147.0,913869.29,13.65,62085798.71,133.35,2023-05-11,18200.0,65.3,2308793.35,130.55,29253204.91,-65.25,68.1
2023-05-10,2023-05-17,18315.1,18181.75,2023-05-18,18400.0,145.3,450408.39,211.45,8434387.86,-66.15,2023-05-18,18400.0,75.85,1499908.66,3.3,41880106.39,72.55,6.4
2023-05-17,2023-05-24,18181.75,18285.4,2023-05-25,18300.0,153.95,2453963.59,45.15,84628654.06,108.8,2023-05-25,18300.0,74.15,3434373.87,37.5,65195924.52,36.65,145.45
2023-05-24,2023-05-31,18285.4,18534.4,2023-06-01,18400.0,153.2,2255060.95,8.95,40677670.16,144.25,2023-06-01,18400.0,73.5,3122216.56,159.3,7931996.6,-85.8,58.45
2023-07-31,2023-08-02,19753.8,19526.55,2023-08-03,19900.0,163.25,2040324.78,383.85,674608.89,-220.6,2023-08-03,19900.0,24.8,16825532.38,2.15,23183368.13,22.65,-197.95
2023-08-02,2023-08-09,19526.55,19632.55,2023-08-10,19600.0,154.15,2378139.75,31.7,35527756.37,122.45,2023-08-10,19600.0,97.3,2880738.59,68.75,60402853.1,28.55,151.0
2023-08-09,2023-08-16,19632.55,19465.0,2023-08-17,19700.0,127.2,365517.1,244.55,401240.76,-117.35,2023-08-17,19700.0,82.6,1694352.21,1.65,21254150.54,80.95,-36.4
2023-08-16,2023-08-23,19465.0,19444.0,2023-08-24,19600.0,186.65,160865.56,168.8,3037551.41,17.85,2023-08-24,19600.0,49.4,1553013.21,4.2,36139546.57,45.2,63.05
2023-08-23,2023-08-30,19444.0,19347.45,2023-08-31,19500.0,138.65,1351127.19,159.3,21426460.96,-20.65,2023-08-31,19500.0,71.65,3288915.5,4.95,51604074.69,66.7,46.05
2023-10-31,2023-11-01,19079.6,18989.15,2023-11-02,19200.0,130.15,21044221.97,218.6,7733426.73,-88.45,2023-11-02,19200.0,36.05,43265261.32,4.75,33841284.63,31.3,-57.15
2023-11-01,2023-11-08,18989.15,19443.5,2023-11-09,19100.0,177.2,1738057.97,1.25,11644482.72,175.95,2023-11-09,19100.0,86.85,2593600.53,335.1,217421.86,-248.25,-72.3
2023-11-08,2023-11-15,19443.5,19675.45,2023-11-16,19500.0,129.7,1099390.92,4.55,23191385.51,125.15,2023-11-16,19500.0,85.7,2290556.04,182.8,10010316.31,-97.1,28.05
2023-11-15,2023-11-22,19675.45,19811.85,2023-11-23,19800.0,163.0,333837.63,24.25,61503820.46,138.75,2023-11-23,19800.0,63.25,2009519.66,66.15,73787445.64,-2.9,135.85
2023-11-22,2023-11-29,19811.85,20096.6,2023-11-30,19900.0,106.65,1360854.28,6.1,37381425.58,100.55,2023-11-30,19900.0,94.05,3161726.75,237.05,12304239.76,-143.0,-42.45
2024-01-31,2024-02-07,21725.7,21930.5,2024-02-08,21800.0,271.55,535858.2,25.35,38020911.53,246.2,2024-02-08,21800.0,221.5,1348209.96,170.95,10603923.43,50.55,296.75
2024-02-07,2024-02-14,21930.5,21840.05,2024-02-15,22000.0,206.3,2079077.52,148.4,1833582.2,57.9,2024-02-15,22000.0,169.55,3496520.74,27.4,50675562.62,142.15,200.05
2024-02-14,2024-02-21,21840.05,22055.05,2024-02-22,21900.0,181.15,322882.56,31.05,30958180.83,150.1,2024-02-22,21900.0,175.05,1252354.7,149.4,2591289.05,25.65,175.75
2024-02-21,2024-02-28,22055.05,21951.15,2024-02-29,22200.0,253.2,3220946.46,291.75,31631058.0,-38.55,2024-02-29,22200.0,127.5,3468298.2,16.1,69650106.47,111.4,72.85
2024-04-30,2024-05-08,22604.85,22302.5,2024-05-09,22700.0,174.1,1610800.46,395.05,347580.25,-220.95,2024-05-09,22700.0,148.75,1749992.11,2.45,25094599.51,146.3,-74.65
2024-05-08,2024-05-15,22302.5,22200.55,2024-05-16,22400.0,202.2,1037458.67,203.1,4368590.63,-0.9,2024-05-16,22400.0,141.45,1715335.87,13.05,28893888.36,128.4,127.5
2024-05-15,2024-05-22,22200.55,22597.8,2024-05-23,22300.0,196.0,1213331.67,9.0,14501647.49,187.0,2024-05-23,22300.0,143.25,1842266.11,314.75,1200062.83,-171.5,15.5
2024-05-22,2024-05-29,22597.8,22704.7,2024-05-30,22700.0,182.75,619260.47,67.1,40745471.29,115.65,2024-05-30,22700.0,143.5,1381970.2,109.45,21433683.4,34.05,149.7
2024-05-29,2024-05-31,22704.7,22530.7,2024-06-06,22800.0,437.3,683037.71,515.45,900625.16,-78.15,2024-06-06,22800.0,440.95,702633.13,326.15,2833191.69,114.8,36.65
2024-07-31,2024-08-07,24951.15,24297.5,2024-08-08,25100.0,248.4,13447944282.5,771.25,956012141.25,-522.85,2024-08-08,25100.0,117.2,126270537266.25,0.8,655699361710.0,116.4,-406.45
2024-08-07,2024-08-13,24297.5,24139.0,2024-08-14,24400.0,218.0,49314651026.25,265.85,1285198437225.0,-47.85,2024-08-14,24400.0,164.7,155415184550.0,17.35,2874813452287.5,147.35,99.5
2024-08-13,2024-08-21,24139.0,24770.2,2024-08-22,24300.0,292.5,143225050905.0,2.2,1297290327375.0,290.3,2024-08-22,24300.0,145.15,177297221412.5,470.05,18758715803.75,-324.9,-34.6
2024-08-21,2024-08-28,24770.2,25052.35,2024-08-29,24900.0,205.35,20340847136.25,15.15,2903041640096.25,190.2,2024-08-29,24900.0,104.35,103690757180.0,161.0,966478428157.5,-56.65,133.55
2024-08-28,2024-08-30,25052.35,25235.9,2024-09-05,25200.0,204.7,76276674362.5,80.2,2267731706685.0,124.5,2024-09-05,25200.0,99.7,190764799355.0,180.65,1860692860707.5,-80.95,43.55
2024-10-31,2024-11-06,24205.35,24484.05,2024-11-07,24300.0,222.6,361201787012.5,25.05,3442115173653.75,197.55,2024-11-07,24300.0,204.5,403022815867.5,184.1,3354343852142.5,20.4,217.95
2024-11-06,2024-11-13,24484.05,23559.05,2024-11-14,24600.0,242.85,32901563170.0,1031.4,5429462010.0,-788.55,2024-11-14,24600.0,158.05,144529154603.75,1.25,1252819190208.75,156.8,-631.75
2024-11-13,2024-11-19,23559.05,23518.5,2024-11-21,23700.0,228.8,232731641398.75,240.5,4753787291091.25,-11.7,2024-11-21,23700.0,140.9,153751196643.75,32.3,5612802929745.0,108.6,96.9
2024-11-19,2024-11-27,23518.5,24274.9,2024-11-28,23600.0,235.4,247660300321.25,1.95,941650752732.5,233.45,2024-11-28,23600.0,174.05,148240004150.0,703.35,10460014576.25,-529.3,-295.85
2024-11-27,2024-11-29,24274.9,24131.1,2024-12-05,24400.0,198.65,60125567253.75,275.1,127071787857.5,-76.45,2024-12-05,24400.0,149.35,156409071107.5,65.3,1340012831421.25,84.05,7.6
2025-04-30,2025-05-07,24334.2,24414.4,2025-05-08,24500.0,299.85,136249412366.25,154.9,3145290600832.5,144.95,2025-05-08,24500.0,156.85,372764703922.5,19.3,12287581574276.25,137.55,282.5
2025-05-07,2025-05-14,24414.4,24666.9,2025-05-15,24500.0,279.25,171714737696.25,42.35,9423714083058.75,236.9,2025-05-15,24500.0,171.25,277768963987.5,176.65,2486209496692.5,-5.4,231.5
2025-05-14,2025-05-21,24666.9,24813.45,2025-05-22,24800.0,287.35,84248107421.25,114.65,10117439654272.5,172.7,2025-05-22,24800.0,161.6,240343152311.25,106.25,10120328021122.5,55.35,228.05
2025-05-21,2025-05-28,24813.45,24752.45,2025-05-29,24900.0,267.65,255894291903.75,199.45,1325932341266.25,68.2,2025-05-29,24900.0,197.75,285269344218.75,63.6,3688903981500.0,134.15,202.35
2025-05-28,2025-05-30,24752.45,24750.7,2025-06-05,24900.0,331.1,72294235518.75,263.9,844627924998.75,67.2,2025-06-05,24900.0,209.8,127548396592.5,155.6,1952463088398.75,54.2,121.4
2025-07-31,2025-08-06,24768.35,24574.2,2025-08-07,24900.0,197.8,686738921876.25,324.75,231395886738.75,-126.95,2025-08-07,24900.0,109.45,967859716072.5,5.7,4741157110755.0,103.75,-23.2
2025-08-06,2025-08-13,24574.2,24619.35,2025-08-14,24700.0,212.5,173748495918.75,91.1,5257475754056.25,121.4,2025-08-14,24700.0,108.65,287549795775.0,34.9,13982150909231.25,73.75,195.15
2025-08-13,2025-08-20,24619.35,25050.55,2025-08-21,24700.0,151.65,148312242761.25,4.7,2456560296757.5,146.95,2025-08-21,24700.0,136.25,318087744551.25,353.75,178346318595.0,-217.5,-70.55
2025-08-20,2025-08-26,25050.55,24712.05,2025-08-28,25200.0,200.75,80519326507.5,473.4,122608719071.25,-272.65,2025-08-28,25200.0,89.55,438439350547.5,4.65,2421204100691.25,84.9,-187.75
2025-08-26,2025-08-29,24712.05,24426.85,2025-09-02,24800.0,145.0,626227808261.25,345.25,406935270828.75,-200.25,2025-09-02,24800.0,113.2,464667230006.25,10.5,4903706793052.5,102.7,-97.55
2025-10-31,2025-11-03,25722.1,25763.4,2025-11-04,25900.0,155.65,8924718483990.0,148.8,2246753548732.5,6.85,2025-11-04,25900.0,63.95,9456531743568.75,28.9,9777519193473.75,35.05,41.9
2025-11-03,2025-11-10,25763.4,25574.4,2025-11-11,25900.0,204.95,134556659651.25,285.5,176965502988.75,-80.55,2025-11-11,25900.0,129.9,322070550926.25,3.4,5058657879093.75,126.5,45.95
2025-11-10,2025-11-17,25574.4,26013.5,2025-11-18,25700.0,178.4,151378554172.5,5.8,5125839696622.5,172.6,2025-11-18,25700.0,139.75,286737491152.5,317.9,350653243507.5,-178.15,-5.55
2025-11-17,2025-11-24,26013.5,25959.5,2025-11-25,26100.0,186.85,119278438095.0,126.8,18026748730706.25,60.05,2025-11-25,26100.0,150.65,310628077826.25,33.65,17615601818152.5,117.0,177.05
2025-11-24,2025-11-28,25959.5,26203.0,2025-12-02,26100.0,196.9,500178781653.75,38.4,5991419742442.5,158.5,2025-12-02,26100.0,146.35,476238812145.0,178.0,1850293155131.25,-31.65,126.85
2026-01-30,2026-02-02,25320.65,25088.4,2026-02-03,25400.0,225.55,1806907069493.5,344.7,84817447318.5,-119.15,2026-02-03,25400.0,168.55,4791204917281.25,9.75,6986776035768.75,158.8,39.65
2026-02-02,2026-02-04,25088.4,25776.0,2026-02-10,25200.0,267.15,48313828023.5,25.6,866151519333.75,241.55,2026-02-10,25200.0,156.2,275493207320.5,612.9,16405559680.25,-456.7,-215.15
