Previous Expiry,Current Expiry,Next Expiry
2019-12-26,2020-01-30,2020-02-27
2020-01-30,2020-02-27,2020-03-26
2020-02-27,2020-03-26,2020-04-30
2020-03-26,2020-04-30,2020-05-28
2020-04-30,2020-05-28,2020-06-25
2020-05-28,2020-06-25,2020-07-30
2020-06-25,2020-07-30,2020-08-27
2020-07-30,2020-08-27,2020-09-24
2020-08-27,2020-09-24,2020-10-29
2020-09-24,2020-10-29,2020-11-26
2020-10-29,2020-11-26,2020-12-31
2020-11-26,2020-12-31,2021-01-28
2020-12-31,2021-01-28,2021-02-25
2021-01-28,2021-02-25,2021-03-25
2021-02-25,2021-03-25,2021-04-29
2021-03-25,2021-04-29,2021-05-27
2021-04-29,2021-05-27,2021-06-24
2021-05-27,2021-06-24,2021-07-29
2021-06-24,2021-07-29,2021-08-26
2021-07-29,2021-08-26,2021-09-30
2021-08-26,2021-09-30,2021-10-28
2021-09-30,2021-10-28,2021-11-25
2021-10-28,2021-11-25,2021-12-30
2021-11-25,2021-12-30,2022-01-27
2021-12-30,2022-01-27,2022-02-24
2022-01-27,2022-02-24,2022-03-31
2022-02-24,2022-03-31,2022-04-28
2022-03-31,2022-04-28,2022-05-26
2022-04-28,2022-05-26,2022-06-30
2022-05-26,2022-06-30,2022-07-28
2022-06-30,2022-07-28,2022-08-25
2022-07-28,2022-08-25,2022-09-29
2022-08-25,2022-09-29,2022-10-27
2022-09-29,2022-10-27,2022-11-24
2022-10-27,2022-11-24,2022-12-29
2022-11-24,2022-12-29,2023-01-25
2022-12-29,2023-01-25,2023-02-23
2023-01-25,2023-02-23,2023-03-29
2023-02-23,2023-03-29,2023-04-27
2023-03-29,2023-04-27,2023-05-25
2023-04-27,2023-05-25,2023-06-28
2023-05-25,2023-06-28,2023-07-27
2023-06-28,2023-07-27,2023-08-31
2023-07-27,2023-08-31,2023-09-28
2023-08-31,2023-09-28,2023-10-26
2023-09-28,2023-10-26,2023-11-30
2023-10-26,2023-11-30,2023-12-28
2023-11-30,2023-12-28,2024-01-25
2023-12-28,2024-01-25,2024-02-29
2024-01-25,2024-02-29,2024-03-27
2024-02-29,2024-03-27,2024-04-24
2024-03-27,2024-04-24,2024-05-29
2024-04-24,2024-05-29,2024-06-26
2024-05-29,2024-06-26,2024-07-31
2024-06-26,2024-07-31,2024-08-28
2024-07-31,2024-08-28,2024-09-25
2024-08-28,2024-09-25,2024-10-30
2024-09-25,2024-10-30,2024-11-27
2024-10-30,2024-11-27,2024-12-24
2024-11-27,2024-12-24,2025-01-29
2024-12-24,2025-01-29,2025-02-27
2025-01-29,2025-02-27,2025-03-27
2025-02-27,2025-03-27,2025-04-24
2025-03-27,2025-04-24,2025-05-29
2025-04-24,2025-05-29,2025-06-26
2025-05-29,2025-06-26,2025-07-31
2025-06-26,2025-07-31,2025-08-28
2025-07-31,2025-08-28,2025-09-30
2025-08-28,2025-09-30,2025-10-28
2025-09-30,2025-10-28,2025-11-25
2025-10-28,2025-11-25,2025-12-30
