Symbol,Previous Expiry,Current Expiry,Next Expiry
MIDCPNIFTY,2022-12-28,2022-01-25,2022-02-01
MIDCPNIFTY,2022-01-25,2022-02-01,2022-02-08
MIDCPNIFTY,2022-02-01,2022-02-08,2022-02-15
MIDCPNIFTY,2022-02-08,2022-02-15,2022-02-22
MIDCPNIFTY,2022-02-15,2022-02-22,2022-02-28
MIDCPNIFTY,2022-02-22,2022-02-28,2022-03-08
MIDCPNIFTY,2022-02-28,2022-03-08,2022-03-15
MIDCPNIFTY,2022-03-08,2022-03-15,2022-03-22
MIDCPNIFTY,2022-03-15,2022-03-22,2022-03-29
MIDCPNIFTY,2022-03-22,2022-03-29,2022-04-05
MIDCPNIFTY,2022-03-29,2022-04-05,2022-04-12
MIDCPNIFTY,2022-04-05,2022-04-12,2022-04-19
MIDCPNIFTY,2022-04-12,2022-04-19,2022-04-26
MIDCPNIFTY,2022-04-19,2022-04-26,2022-05-02
MIDCPNIFTY,2022-04-26,2022-05-02,2022-05-10
MIDCPNIFTY,2022-05-02,2022-05-10,2022-05-17
MIDCPNIFTY,2022-05-10,2022-05-17,2022-05-24
MIDCPNIFTY,2022-05-17,2022-05-24,2022-05-31
MIDCPNIFTY,2022-05-24,2022-05-31,2022-06-07
MIDCPNIFTY,2022-05-31,2022-06-07,2022-06-14
MIDCPNIFTY,2022-06-07,2022-06-14,2022-06-21
MIDCPNIFTY,2022-06-14,2022-06-21,2022-06-28
MIDCPNIFTY,2022-06-21,2022-06-28,2022-07-05
MIDCPNIFTY,2022-06-28,2022-07-05,2022-07-12
MIDCPNIFTY,2022-07-05,2022-07-12,2022-07-19
MIDCPNIFTY,2022-07-12,2022-07-19,2022-07-26
MIDCPNIFTY,2022-07-19,2022-07-26,2022-08-02
MIDCPNIFTY,2022-07-26,2022-08-02,2022-08-08
MIDCPNIFTY,2022-08-02,2022-08-08,2022-08-16
MIDCPNIFTY,2022-08-08,2022-08-16,2022-08-23
MIDCPNIFTY,2022-08-16,2022-08-23,2022-08-30
MIDCPNIFTY,2022-08-23,2022-08-30,2022-09-06
MIDCPNIFTY,2022-08-30,2022-09-06,2022-09-13
MIDCPNIFTY,2022-09-06,2022-09-13,2022-09-20
MIDCPNIFTY,2022-09-13,2022-09-20,2022-09-27
MIDCPNIFTY,2022-09-20,2022-09-27,2022-10-04
MIDCPNIFTY,2022-09-27,2022-10-04,2022-10-11
MIDCPNIFTY,2022-10-04,2022-10-11,2022-10-18
MIDCPNIFTY,2022-10-11,2022-10-18,2022-10-25
MIDCPNIFTY,2022-10-18,2022-10-25,2022-11-01
MIDCPNIFTY,2022-10-25,2022-11-01,2022-11-07
MIDCPNIFTY,2022-11-01,2022-11-07,2022-11-15
MIDCPNIFTY,2022-11-07,2022-11-15,2022-11-22
MIDCPNIFTY,2022-11-15,2022-11-22,2022-11-29
MIDCPNIFTY,2022-11-22,2022-11-29,2022-12-06
MIDCPNIFTY,2022-11-29,2022-12-06,2022-12-13
MIDCPNIFTY,2022-12-06,2022-12-13,2022-12-20
MIDCPNIFTY,2022-12-13,2022-12-20,2022-12-27
MIDCPNIFTY,2022-12-20,2022-12-27,2023-01-03
MIDCPNIFTY,2022-12-27,2023-01-03,2023-01-10
MIDCPNIFTY,2023-01-03,2023-01-10,2023-01-17
MIDCPNIFTY,2023-01-10,2023-01-17,2023-01-24
MIDCPNIFTY,2023-01-17,2023-01-24,2023-01-31
MIDCPNIFTY,2023-01-24,2023-01-31,2023-02-07
MIDCPNIFTY,2023-01-31,2023-02-07,2023-02-14
MIDCPNIFTY,2023-02-07,2023-02-14,2023-02-21
MIDCPNIFTY,2023-02-14,2023-02-21,2023-02-28
MIDCPNIFTY,2023-02-21,2023-02-28,2023-03-06
MIDCPNIFTY,2023-02-28,2023-03-06,2023-03-14
MIDCPNIFTY,2023-03-06,2023-03-14,2023-03-21
MIDCPNIFTY,2023-03-14,2023-03-21,2023-03-28
MIDCPNIFTY,2023-03-21,2023-03-28,2023-04-03
MIDCPNIFTY,2023-03-28,2023-04-03,2023-04-11
MIDCPNIFTY,2023-04-03,2023-04-11,2023-04-18
MIDCPNIFTY,2023-04-11,2023-04-18,2023-04-25
MIDCPNIFTY,2023-04-18,2023-04-25,2023-05-03
MIDCPNIFTY,2023-04-25,2023-05-03,2023-05-09
MIDCPNIFTY,2023-05-03,2023-05-09,2023-05-16
MIDCPNIFTY,2023-05-09,2023-05-16,2023-05-23
MIDCPNIFTY,2023-05-16,2023-05-23,2023-05-30
MIDCPNIFTY,2023-05-23,2023-05-30,2023-06-07
MIDCPNIFTY,2023-05-30,2023-06-07,2023-06-14
MIDCPNIFTY,2023-06-07,2023-06-14,2023-06-21
MIDCPNIFTY,2023-06-14,2023-06-21,2023-06-27
MIDCPNIFTY,2023-06-21,2023-06-27,2023-07-05
MIDCPNIFTY,2023-06-27,2023-07-05,2023-07-12
MIDCPNIFTY,2023-07-05,2023-07-12,2023-07-19
MIDCPNIFTY,2023-07-12,2023-07-19,2023-07-26
MIDCPNIFTY,2023-07-19,2023-07-26,2023-08-02
MIDCPNIFTY,2023-07-26,2023-08-02,2023-08-09
MIDCPNIFTY,2023-08-02,2023-08-09,2023-08-16
MIDCPNIFTY,2023-08-09,2023-08-16,2023-08-21
MIDCPNIFTY,2023-08-16,2023-08-21,2023-08-28
MIDCPNIFTY,2023-08-21,2023-08-28,2023-09-04
MIDCPNIFTY,2023-08-28,2023-09-04,2023-09-11
MIDCPNIFTY,2023-09-04,2023-09-11,2023-09-18
MIDCPNIFTY,2023-09-11,2023-09-18,2023-09-25
MIDCPNIFTY,2023-09-18,2023-09-25,2023-09-29
MIDCPNIFTY,2023-09-25,2023-09-29,2023-10-09
MIDCPNIFTY,2023-09-29,2023-10-09,2023-10-16
MIDCPNIFTY,2023-10-09,2023-10-16,2023-10-23
MIDCPNIFTY,2023-10-16,2023-10-23,2023-10-30
MIDCPNIFTY,2023-10-23,2023-10-30,2023-11-06
MIDCPNIFTY,2023-10-30,2023-11-06,2023-11-13
MIDCPNIFTY,2023-11-06,2023-11-13,2023-11-20
MIDCPNIFTY,2023-11-13,2023-11-20,2023-11-24
MIDCPNIFTY,2023-11-20,2023-11-24,2023-12-04
MIDCPNIFTY,2023-11-24,2023-12-04,2023-12-11
MIDCPNIFTY,2023-12-04,2023-12-11,2023-12-18
MIDCPNIFTY,2023-12-11,2023-12-18,2023-12-22
MIDCPNIFTY,2023-12-18,2023-12-22,2024-01-01
MIDCPNIFTY,2023-12-22,2024-01-01,2024-01-08
MIDCPNIFTY,2024-01-01,2024-01-08,2024-01-15
MIDCPNIFTY,2024-01-08,2024-01-15,2024-01-22
MIDCPNIFTY,2024-01-15,2024-01-22,2024-01-29
MIDCPNIFTY,2024-01-22,2024-01-29,2024-02-05
MIDCPNIFTY,2024-01-29,2024-02-05,2024-02-12
MIDCPNIFTY,2024-02-05,2024-02-12,2024-02-19
MIDCPNIFTY,2024-02-12,2024-02-19,2024-02-26
MIDCPNIFTY,2024-02-19,2024-02-26,2024-03-04
MIDCPNIFTY,2024-02-26,2024-03-04,2024-03-11
MIDCPNIFTY,2024-03-04,2024-03-11,2024-03-18
MIDCPNIFTY,2024-03-11,2024-03-18,2024-03-22
MIDCPNIFTY,2024-03-18,2024-03-22,2024-04-01
MIDCPNIFTY,2024-03-22,2024-04-01,2024-04-08
MIDCPNIFTY,2024-04-01,2024-04-08,2024-04-15
MIDCPNIFTY,2024-04-08,2024-04-15,2024-04-22
MIDCPNIFTY,2024-04-15,2024-04-22,2024-04-29
MIDCPNIFTY,2024-04-22,2024-04-29,2024-05-06
MIDCPNIFTY,2024-04-29,2024-05-06,2024-05-13
MIDCPNIFTY,2024-05-06,2024-05-13,2024-05-17
MIDCPNIFTY,2024-05-13,2024-05-17,2024-05-27
MIDCPNIFTY,2024-05-17,2024-05-27,2024-06-03
MIDCPNIFTY,2024-05-27,2024-06-03,2024-06-10
MIDCPNIFTY,2024-06-03,2024-06-10,2024-06-14
MIDCPNIFTY,2024-06-10,2024-06-14,2024-06-24
MIDCPNIFTY,2024-06-14,2024-06-24,2024-07-01
MIDCPNIFTY,2024-06-24,2024-07-01,2024-07-08
MIDCPNIFTY,2024-07-01,2024-07-08,2024-07-15
MIDCPNIFTY,2024-07-08,2024-07-15,2024-07-22
MIDCPNIFTY,2024-07-15,2024-07-22,2024-07-29
MIDCPNIFTY,2024-07-22,2024-07-29,2024-08-05
MIDCPNIFTY,2024-07-29,2024-08-05,2024-08-12
MIDCPNIFTY,2024-08-05,2024-08-12,2024-08-19
MIDCPNIFTY,2024-08-12,2024-08-19,2024-08-26
MIDCPNIFTY,2024-08-19,2024-08-26,2024-09-02
MIDCPNIFTY,2024-08-26,2024-09-02,2024-09-09
MIDCPNIFTY,2024-09-02,2024-09-09,2024-09-16
MIDCPNIFTY,2024-09-09,2024-09-16,2024-09-23
MIDCPNIFTY,2024-09-16,2024-09-23,2024-09-30
MIDCPNIFTY,2024-09-23,2024-09-30,2024-10-07
MIDCPNIFTY,2024-09-30,2024-10-07,2024-10-14
MIDCPNIFTY,2024-10-07,2024-10-14,2024-10-21
MIDCPNIFTY,2024-10-14,2024-10-21,2024-10-28
MIDCPNIFTY,2024-10-21,2024-10-28,2024-11-04
MIDCPNIFTY,2024-10-28,2024-11-04,2024-11-11
MIDCPNIFTY,2024-11-04,2024-11-11,2024-11-18
MIDCPNIFTY,2024-11-11,2024-11-18,2024-11-25
MIDCPNIFTY,2024-11-18,2024-11-25,2024-12-30
