Ticker,Date,Close
SENSEX,2019-12-02,40802.17
SENSEX,2019-12-03,40675.45
SENSEX,2019-12-04,40850.29
SENSEX,2019-12-05,40779.59
SENSEX,2019-12-06,40445.15
SENSEX,2019-12-09,40487.43
SENSEX,2019-12-10,40239.88
SENSEX,2019-12-11,40412.57
SENSEX,2019-12-12,40581.71
SENSEX,2019-12-13,41009.71
SENSEX,2019-12-16,40938.72
SENSEX,2019-12-17,41352.17
SENSEX,2019-12-18,41558.57
SENSEX,2019-12-19,41673.92
SENSEX,2019-12-20,41681.54
SENSEX,2019-12-23,41642.66
SENSEX,2019-12-24,41461.26
SENSEX,2019-12-26,41163.76
SENSEX,2019-12-27,41575.14
SENSEX,2019-12-30,41558
SENSEX,2019-12-31,41253.74
SENSEX,2020-01-01,41306.02
SENSEX,2020-01-02,41626.64
SENSEX,2020-01-03,41464.61
SENSEX,2020-01-06,40676.63
SENSEX,2020-01-07,40869.47
SENSEX,2020-01-08,40817.74
SENSEX,2020-01-09,41452.35
SENSEX,2020-01-10,41599.72
SENSEX,2020-01-13,41859.69
SENSEX,2020-01-14,41952.63
SENSEX,2020-01-15,41872.73
SENSEX,2020-01-16,41932.56
SENSEX,2020-01-17,41945.37
SENSEX,2020-01-20,41528.91
SENSEX,2020-01-21,41323.81
SENSEX,2020-01-22,41115.38
SENSEX,2020-01-23,41386.4
SENSEX,2020-01-24,41613.19
SENSEX,2020-01-27,41155.12
SENSEX,2020-01-28,40966.86
SENSEX,2020-01-29,41198.66
SENSEX,2020-01-30,40913.82
SENSEX,2020-01-31,40723.49
SENSEX,2020-02-01,39735.53
SENSEX,2020-02-03,39872.31
SENSEX,2020-02-04,40789.38
SENSEX,2020-02-05,41142.66
SENSEX,2020-02-06,41306.03
SENSEX,2020-02-07,41141.85
SENSEX,2020-02-10,40979.62
SENSEX,2020-02-11,41216.14
SENSEX,2020-02-12,41565.9
SENSEX,2020-02-13,41459.79
SENSEX,2020-02-14,41257.74
SENSEX,2020-02-17,41055.69
SENSEX,2020-02-18,40894.38
SENSEX,2020-02-19,41323
SENSEX,2020-02-20,41170.12
SENSEX,2020-02-24,40363.23
SENSEX,2020-02-25,40281.2
SENSEX,2020-02-26,39888.96
SENSEX,2020-02-27,39745.66
SENSEX,2020-02-28,38297.29
SENSEX,2020-03-02,38144.02
SENSEX,2020-03-03,38623.7
SENSEX,2020-03-04,38409.48
SENSEX,2020-03-05,38470.61
SENSEX,2020-03-06,37576.62
SENSEX,2020-03-09,35634.95
SENSEX,2020-03-11,35697.4
SENSEX,2020-03-12,32778.14
SENSEX,2020-03-13,34103.48
SENSEX,2020-03-16,31390.07
SENSEX,2020-03-17,30579.09
SENSEX,2020-03-18,28869.51
SENSEX,2020-03-19,28288.23
SENSEX,2020-03-20,29915.96
SENSEX,2020-03-23,25981.24
SENSEX,2020-03-24,26674.03
SENSEX,2020-03-25,28535.78
SENSEX,2020-03-26,29946.77
SENSEX,2020-03-27,29815.59
SENSEX,2020-03-30,28440.32
SENSEX,2020-03-31,29468.49
SENSEX,2020-04-01,28265.31
SENSEX,2020-04-03,27590.95
SENSEX,2020-04-07,30067.21
SENSEX,2020-04-08,29893.96
SENSEX,2020-04-09,31159.62
SENSEX,2020-04-13,30690.02
SENSEX,2020-04-15,30379.81
SENSEX,2020-04-16,30602.61
SENSEX,2020-04-17,31588.72
SENSEX,2020-04-20,31648
SENSEX,2020-04-21,30636.71
SENSEX,2020-04-22,31379.55
SENSEX,2020-04-23,31863.08
SENSEX,2020-04-24,31327.22
SENSEX,2020-04-27,31743.08
SENSEX,2020-04-28,32114.52
SENSEX,2020-04-29,32720.16
SENSEX,2020-04-30,33717.62
SENSEX,2020-05-04,31715.35
SENSEX,2020-05-05,31453.51
SENSEX,2020-05-06,31685.75
SENSEX,2020-05-07,31443.38
SENSEX,2020-05-08,31642.7
SENSEX,2020-05-11,31561.22
SENSEX,2020-05-12,31371.12
SENSEX,2020-05-13,32008.61
SENSEX,2020-05-14,31122.89
SENSEX,2020-05-15,31097.73
SENSEX,2020-05-18,30028.98
SENSEX,2020-05-19,30196.17
SENSEX,2020-05-20,30818.61
SENSEX,2020-05-21,30932.9
SENSEX,2020-05-22,30672.59
SENSEX,2020-05-26,30609.3
SENSEX,2020-05-27,31605.22
SENSEX,2020-05-28,32200.59
SENSEX,2020-05-29,32424.1
SENSEX,2020-06-01,33303.52
SENSEX,2020-06-02,33825.53
SENSEX,2020-06-03,34109.54
SENSEX,2020-06-04,33980.7
SENSEX,2020-06-05,34287.24
SENSEX,2020-06-08,34370.58
SENSEX,2020-06-09,33956.69
SENSEX,2020-06-10,34247.05
SENSEX,2020-06-11,33538.37
SENSEX,2020-06-12,33780.89
SENSEX,2020-06-15,33228.8
SENSEX,2020-06-16,33605.22
SENSEX,2020-06-17,33507.92
SENSEX,2020-06-18,34208.05
SENSEX,2020-06-19,34731.73
SENSEX,2020-06-22,34911.32
SENSEX,2020-06-23,35430.43
SENSEX,2020-06-24,34868.98
SENSEX,2020-06-25,34842.1
SENSEX,2020-06-26,35171.27
SENSEX,2020-06-29,34961.52
SENSEX,2020-06-30,34915.8
SENSEX,2020-07-01,35414.45
SENSEX,2020-07-02,35843.7
SENSEX,2020-07-03,36021.42
SENSEX,2020-07-06,36487.28
SENSEX,2020-07-07,36674.52
SENSEX,2020-07-08,36329.01
SENSEX,2020-07-09,36737.69
SENSEX,2020-07-10,36594.33
SENSEX,2020-07-13,36693.69
SENSEX,2020-07-14,36033.06
SENSEX,2020-07-15,36051.81
SENSEX,2020-07-16,36471.68
SENSEX,2020-07-17,37020.14
SENSEX,2020-07-20,37418.99
SENSEX,2020-07-21,37930.33
SENSEX,2020-07-22,37871.52
SENSEX,2020-07-23,38140.47
SENSEX,2020-07-24,38128.9
SENSEX,2020-07-27,37934.73
SENSEX,2020-07-28,38492.95
SENSEX,2020-07-29,38071.13
SENSEX,2020-07-30,37736.07
SENSEX,2020-07-31,37606.89
SENSEX,2020-08-03,36939.6
SENSEX,2020-08-04,37687.91
SENSEX,2020-08-05,37663.33
SENSEX,2020-08-06,38025.45
SENSEX,2020-08-07,38040.57
SENSEX,2020-08-10,38182.08
SENSEX,2020-08-11,38407.01
SENSEX,2020-08-12,38369.63
SENSEX,2020-08-13,38310.49
SENSEX,2020-08-14,37877.34
SENSEX,2020-08-17,38050.78
SENSEX,2020-08-18,38528.32
SENSEX,2020-08-19,38614.79
SENSEX,2020-08-20,38220.39
SENSEX,2020-08-21,38434.72
SENSEX,2020-08-24,38799.08
SENSEX,2020-08-25,38843.88
SENSEX,2020-08-26,39073.92
SENSEX,2020-08-27,39113.47
SENSEX,2020-08-28,39467.31
SENSEX,2020-08-31,38628.29
SENSEX,2020-09-01,38900.8
SENSEX,2020-09-02,39086.03
SENSEX,2020-09-03,38990.94
SENSEX,2020-09-04,38357.18
SENSEX,2020-09-07,38417.23
SENSEX,2020-09-08,38365.35
SENSEX,2020-09-09,38193.92
SENSEX,2020-09-10,38840.32
SENSEX,2020-09-11,38854.55
SENSEX,2020-09-14,38756.63
SENSEX,2020-09-15,39044.35
SENSEX,2020-09-16,39302.85
SENSEX,2020-09-17,38979.85
SENSEX,2020-09-18,38845.82
SENSEX,2020-09-21,38034.14
SENSEX,2020-09-22,37734.08
SENSEX,2020-09-23,37668.42
SENSEX,2020-09-24,36553.6
SENSEX,2020-09-25,37388.66
SENSEX,2020-09-28,37981.63
SENSEX,2020-09-29,37973.22
SENSEX,2020-09-30,38067.93
SENSEX,2020-10-01,38697.05
SENSEX,2020-10-05,38973.7
SENSEX,2020-10-06,39574.57
SENSEX,2020-10-07,39878.95
SENSEX,2020-10-08,40182.67
SENSEX,2020-10-09,40509.49
SENSEX,2020-10-12,40593.8
SENSEX,2020-10-13,40625.51
SENSEX,2020-10-14,40794.74
SENSEX,2020-10-15,39728.41
SENSEX,2020-10-16,39982.98
SENSEX,2020-10-19,40431.6
SENSEX,2020-10-20,40544.37
SENSEX,2020-10-21,40707.31
SENSEX,2020-10-22,40558.49
SENSEX,2020-10-23,40685.5
SENSEX,2020-10-26,40145.5
SENSEX,2020-10-27,40522.1
SENSEX,2020-10-28,39922.46
SENSEX,2020-10-29,39749.85
SENSEX,2020-10-30,39614.07
SENSEX,2020-11-02,39757.58
SENSEX,2020-11-03,40261.13
SENSEX,2020-11-04,40616.14
SENSEX,2020-11-05,41340.16
SENSEX,2020-11-06,41893.06
SENSEX,2020-11-09,42597.43
SENSEX,2020-11-10,43277.65
SENSEX,2020-11-11,43593.67
SENSEX,2020-11-12,43357.19
SENSEX,2020-11-13,43443
SENSEX,2020-11-14,43637.98
SENSEX,2020-11-17,43952.71
SENSEX,2020-11-18,44180.05
SENSEX,2020-11-19,43599.96
SENSEX,2020-11-20,43882.25
SENSEX,2020-11-23,44077.15
SENSEX,2020-11-24,44523.02
SENSEX,2020-11-25,43828.1
SENSEX,2020-11-26,44259.74
SENSEX,2020-11-27,44149.72
SENSEX,2020-12-01,44655.44
SENSEX,2020-12-02,44618.04
SENSEX,2020-12-03,44632.65
SENSEX,2020-12-04,45079.55
SENSEX,2020-12-07,45426.97
SENSEX,2020-12-08,45608.51
SENSEX,2020-12-09,46103.5
SENSEX,2020-12-10,45959.88
SENSEX,2020-12-11,46099.01
SENSEX,2020-12-14,46253.46
SENSEX,2020-12-15,46263.17
SENSEX,2020-12-16,46666.46
SENSEX,2020-12-17,46890.34
SENSEX,2020-12-18,46960.69
SENSEX,2020-12-21,45553.96
SENSEX,2020-12-22,46006.69
SENSEX,2020-12-23,46444.18
SENSEX,2020-12-24,46973.54
SENSEX,2020-12-28,47353.75
SENSEX,2020-12-29,47613.08
SENSEX,2020-12-30,47746.22
SENSEX,2020-12-31,47751.33
SENSEX,2021-01-01,47868.98
SENSEX,2021-01-04,48176.8
SENSEX,2021-01-05,48437.78
SENSEX,2021-01-06,48174.06
SENSEX,2021-01-07,48093.32
SENSEX,2021-01-08,48782.51
SENSEX,2021-01-11,49269.32
SENSEX,2021-01-12,49517.11
SENSEX,2021-01-13,49492.32
SENSEX,2021-01-14,49584.16
SENSEX,2021-01-15,49034.67
SENSEX,2021-01-18,48564.27
SENSEX,2021-01-19,49398.29
SENSEX,2021-01-20,49792.12
SENSEX,2021-01-21,49624.76
SENSEX,2021-01-22,48878.54
SENSEX,2021-01-25,48347.59
SENSEX,2021-01-27,47409.93
SENSEX,2021-01-28,46874.36
SENSEX,2021-01-29,46285.77
SENSEX,2021-02-01,48600.61
SENSEX,2021-02-02,49797.72
SENSEX,2021-02-03,50255.75
SENSEX,2021-02-04,50614.29
SENSEX,2021-02-05,50731.63
SENSEX,2021-02-08,51348.77
SENSEX,2021-02-09,51329.08
SENSEX,2021-02-10,51309.39
SENSEX,2021-02-11,51531.52
SENSEX,2021-02-12,51544.3
SENSEX,2021-02-15,52154.13
SENSEX,2021-02-16,52104.17
SENSEX,2021-02-17,51703.83
SENSEX,2021-02-18,51324.69
SENSEX,2021-02-19,50889.76
SENSEX,2021-02-22,49744.32
SENSEX,2021-02-23,49751.41
SENSEX,2021-02-24,50781.69
SENSEX,2021-02-25,51039.31
SENSEX,2021-02-26,49099.99
SENSEX,2021-03-01,49849.84
SENSEX,2021-03-02,50296.89
SENSEX,2021-03-03,51444.65
SENSEX,2021-03-04,50846.08
SENSEX,2021-03-05,50405.32
SENSEX,2021-03-08,50441.07
SENSEX,2021-03-09,51025.48
SENSEX,2021-03-10,51279.51
SENSEX,2021-03-12,50792.08
SENSEX,2021-03-15,50395.08
SENSEX,2021-03-16,50363.96
SENSEX,2021-03-17,49801.62
SENSEX,2021-03-18,49216.52
SENSEX,2021-03-19,49858.24
SENSEX,2021-03-22,49771.29
SENSEX,2021-03-23,50051.44
SENSEX,2021-03-24,49180.31
SENSEX,2021-03-25,48440.12
SENSEX,2021-03-26,49008.5
SENSEX,2021-03-30,50136.58
SENSEX,2021-03-31,49509.15
SENSEX,2021-04-01,50029.83
SENSEX,2021-04-05,49159.32
SENSEX,2021-04-06,49201.39
SENSEX,2021-04-07,49661.76
SENSEX,2021-04-08,49746.21
SENSEX,2021-04-09,49591.32
SENSEX,2021-04-12,47883.38
SENSEX,2021-04-13,48544.06
SENSEX,2021-04-15,48803.68
SENSEX,2021-04-16,48832.03
SENSEX,2021-04-19,47949.42
SENSEX,2021-04-20,47705.8
SENSEX,2021-04-22,48080.67
SENSEX,2021-04-23,47878.45
SENSEX,2021-04-26,48386.51
SENSEX,2021-04-27,48944.14
SENSEX,2021-04-28,49733.84
SENSEX,2021-04-29,49765.94
SENSEX,2021-04-30,48782.36
SENSEX,2021-05-03,48718.52
SENSEX,2021-05-04,48253.51
SENSEX,2021-05-05,48677.55
SENSEX,2021-05-06,48949.76
SENSEX,2021-05-07,49206.47
SENSEX,2021-05-10,49502.41
SENSEX,2021-05-11,49161.81
SENSEX,2021-05-12,48690.8
SENSEX,2021-05-14,48732.55
SENSEX,2021-05-17,49580.73
SENSEX,2021-05-18,50193.33
SENSEX,2021-05-19,49902.64
SENSEX,2021-05-20,49564.86
SENSEX,2021-05-21,50540.48
SENSEX,2021-05-24,50651.9
SENSEX,2021-05-25,50637.53
SENSEX,2021-05-26,51017.52
SENSEX,2021-05-27,51115.22
SENSEX,2021-05-28,51422.88
SENSEX,2021-05-31,51937.44
SENSEX,2021-06-01,51934.88
SENSEX,2021-06-02,51849.48
SENSEX,2021-06-03,52232.43
SENSEX,2021-06-04,52100.05
SENSEX,2021-06-07,52328.51
SENSEX,2021-06-08,52275.57
SENSEX,2021-06-09,51941.64
SENSEX,2021-06-10,52300.47
SENSEX,2021-06-11,52474.76
SENSEX,2021-06-14,52551.53
SENSEX,2021-06-15,52773.05
SENSEX,2021-06-16,52501.98
SENSEX,2021-06-17,52323.33
SENSEX,2021-06-18,52344.45
SENSEX,2021-06-21,52574.46
SENSEX,2021-06-22,52588.71
SENSEX,2021-06-23,52306.08
SENSEX,2021-06-24,52699
SENSEX,2021-06-25,52925.04
SENSEX,2021-06-28,52735.59
SENSEX,2021-06-29,52549.66
SENSEX,2021-06-30,52482.71
SENSEX,2021-07-01,52318.6
SENSEX,2021-07-02,52484.67
SENSEX,2021-07-05,52880
SENSEX,2021-07-06,52861.18
SENSEX,2021-07-07,53054.76
SENSEX,2021-07-08,52568.94
SENSEX,2021-07-09,52386.19
SENSEX,2021-07-12,52372.69
SENSEX,2021-07-13,52769.73
SENSEX,2021-07-14,52904.05
SENSEX,2021-07-15,53158.85
SENSEX,2021-07-16,53140.06
SENSEX,2021-07-19,52553.4
SENSEX,2021-07-20,52198.51
SENSEX,2021-07-22,52837.21
SENSEX,2021-07-23,52975.8
SENSEX,2021-07-26,52852.27
SENSEX,2021-07-27,52578.76
SENSEX,2021-07-28,52443.71
SENSEX,2021-07-29,52653.07
SENSEX,2021-07-30,52586.84
SENSEX,2021-08-02,52950.63
SENSEX,2021-08-03,53823.36
SENSEX,2021-08-04,54369.77
SENSEX,2021-08-05,54492.84
SENSEX,2021-08-06,54277.72
SENSEX,2021-08-09,54402.85
SENSEX,2021-08-10,54554.66
SENSEX,2021-08-11,54525.93
SENSEX,2021-08-12,54843.98
SENSEX,2021-08-13,55437.29
SENSEX,2021-08-16,55582.58
SENSEX,2021-08-17,55792.27
SENSEX,2021-08-18,55629.49
SENSEX,2021-08-20,55329.32
SENSEX,2021-08-23,55555.79
SENSEX,2021-08-24,55958.98
SENSEX,2021-08-25,55944.21
SENSEX,2021-08-26,55949.1
SENSEX,2021-08-27,56124.72
SENSEX,2021-08-30,56889.76
SENSEX,2021-08-31,57552.39
SENSEX,2021-09-01,57338.21
SENSEX,2021-09-02,57852.54
SENSEX,2021-09-03,58129.95
SENSEX,2021-09-06,58296.91
SENSEX,2021-09-07,58279.48
SENSEX,2021-09-08,58250.26
SENSEX,2021-09-09,58305.07
SENSEX,2021-09-13,58177.76
SENSEX,2021-09-14,58247.09
SENSEX,2021-09-15,58723.2
SENSEX,2021-09-16,59141.16
SENSEX,2021-09-17,59015.89
SENSEX,2021-09-20,58490.93
SENSEX,2021-09-21,59005.27
SENSEX,2021-09-22,58927.33
SENSEX,2021-09-23,59885.36
SENSEX,2021-09-24,60048.47
SENSEX,2021-09-27,60077.88
SENSEX,2021-09-28,59667.6
SENSEX,2021-09-29,59413.27
SENSEX,2021-09-30,59126.36
SENSEX,2021-10-01,58765.58
SENSEX,2021-10-04,59299.32
SENSEX,2021-10-05,59744.88
SENSEX,2021-10-06,59189.73
SENSEX,2021-10-07,59677.83
SENSEX,2021-10-08,60059.06
SENSEX,2021-10-11,60135.78
SENSEX,2021-10-12,60284.31
SENSEX,2021-10-13,60737.05
SENSEX,2021-10-14,61305.95
SENSEX,2021-10-18,61765.59
SENSEX,2021-10-19,61716.05
SENSEX,2021-10-20,61259.96
SENSEX,2021-10-21,60923.5
SENSEX,2021-10-22,60821.62
SENSEX,2021-10-25,60967.05
SENSEX,2021-10-26,61350.26
SENSEX,2021-10-27,61143.33
SENSEX,2021-10-28,59984.7
SENSEX,2021-10-29,59306.93
SENSEX,2021-11-01,60138.46
SENSEX,2021-11-02,60029.06
SENSEX,2021-11-03,59771.92
SENSEX,2021-11-04,60067.62
SENSEX,2021-11-08,60545.61
SENSEX,2021-11-09,60433.45
SENSEX,2021-11-10,60352.82
SENSEX,2021-11-11,59919.69
SENSEX,2021-11-12,60686.69
SENSEX,2021-11-15,60718.71
SENSEX,2021-11-16,60322.37
SENSEX,2021-11-17,60008.33
SENSEX,2021-11-18,59636.01
SENSEX,2021-11-22,58465.89
SENSEX,2021-11-23,58664.33
SENSEX,2021-11-24,58340.99
SENSEX,2021-11-25,58795.09
SENSEX,2021-11-26,57107.15
SENSEX,2021-11-29,57260.58
SENSEX,2021-11-30,57064.87
SENSEX,2021-12-01,57684.79
SENSEX,2021-12-02,58461.29
SENSEX,2021-12-03,57696.46
SENSEX,2021-12-06,56747.14
SENSEX,2021-12-07,57633.65
SENSEX,2021-12-08,58649.68
SENSEX,2021-12-09,58807.13
SENSEX,2021-12-10,58786.67
SENSEX,2021-12-13,58283.42
SENSEX,2021-12-14,58117.09
SENSEX,2021-12-15,57788.03
SENSEX,2021-12-16,57901.14
SENSEX,2021-12-17,57011.74
SENSEX,2021-12-20,55822.01
SENSEX,2021-12-21,56319.01
SENSEX,2021-12-22,56930.56
SENSEX,2021-12-23,57315.28
SENSEX,2021-12-24,57124.31
SENSEX,2021-12-27,57420.24
SENSEX,2021-12-28,57897.48
SENSEX,2021-12-29,57806.49
SENSEX,2021-12-30,57794.32
SENSEX,2021-12-31,58253.82
SENSEX,2022-01-03,59183.22
SENSEX,2022-01-04,59855.93
SENSEX,2022-01-05,60223.15
SENSEX,2022-01-06,59601.84
SENSEX,2022-01-07,59744.65
SENSEX,2022-01-10,60395.63
SENSEX,2022-01-11,60616.89
SENSEX,2022-01-12,61150.04
SENSEX,2022-01-13,61235.3
SENSEX,2022-01-14,61223.03
SENSEX,2022-01-17,61308.91
SENSEX,2022-01-18,60754.86
SENSEX,2022-01-19,60098.82
SENSEX,2022-01-20,59464.62
SENSEX,2022-01-21,59037.18
SENSEX,2022-01-24,57491.51
SENSEX,2022-01-25,57858.15
SENSEX,2022-01-27,57276.94
SENSEX,2022-01-28,57200.23
SENSEX,2022-01-31,58014.17
SENSEX,2022-02-01,58862.57
SENSEX,2022-02-02,59558.33
SENSEX,2022-02-03,58788.02
SENSEX,2022-02-04,58644.82
SENSEX,2022-02-07,57621.19
SENSEX,2022-02-08,57808.58
SENSEX,2022-02-09,58465.97
SENSEX,2022-02-10,58926.03
SENSEX,2022-02-11,58152.92
SENSEX,2022-02-14,56405.84
SENSEX,2022-02-15,58142.05
SENSEX,2022-02-16,57996.68
SENSEX,2022-02-17,57892.01
SENSEX,2022-02-18,57832.97
SENSEX,2022-02-21,57683.59
SENSEX,2022-02-22,57300.68
SENSEX,2022-02-23,57232.06
SENSEX,2022-02-24,54529.91
SENSEX,2022-02-25,55858.52
SENSEX,2022-02-28,56247.28
SENSEX,2022-03-02,55468.9
SENSEX,2022-03-03,55102.68
SENSEX,2022-03-04,54333.81
SENSEX,2022-03-07,52842.75
SENSEX,2022-03-08,53424.09
SENSEX,2022-03-09,54647.33
SENSEX,2022-03-10,55464.39
SENSEX,2022-03-11,55550.3
SENSEX,2022-03-14,56486.02
SENSEX,2022-03-15,55776.85
SENSEX,2022-03-16,56816.65
SENSEX,2022-03-17,57863.93
SENSEX,2022-03-21,57292.49
SENSEX,2022-03-22,57989.3
SENSEX,2022-03-23,57684.82
SENSEX,2022-03-24,57595.68
SENSEX,2022-03-25,57362.2
SENSEX,2022-03-28,57593.49
SENSEX,2022-03-29,57943.65
SENSEX,2022-03-30,58683.99
SENSEX,2022-03-31,58568.51
SENSEX,2022-04-01,59276.69
SENSEX,2022-04-04,60611.74
SENSEX,2022-04-05,60176.5
SENSEX,2022-04-06,59610.41
SENSEX,2022-04-07,59034.95
SENSEX,2022-04-08,59447.18
SENSEX,2022-04-11,58964.57
SENSEX,2022-04-12,58576.37
SENSEX,2022-04-13,58338.93
SENSEX,2022-04-18,57166.74
SENSEX,2022-04-19,56463.15
SENSEX,2022-04-20,57037.5
SENSEX,2022-04-21,57911.68
SENSEX,2022-04-22,57197.15
SENSEX,2022-04-25,56579.89
SENSEX,2022-04-26,57356.61
SENSEX,2022-04-27,56819.39
SENSEX,2022-04-28,57521.06
SENSEX,2022-04-29,57060.87
SENSEX,2022-05-02,56975.99
SENSEX,2022-05-04,55669.03
SENSEX,2022-05-05,55702.23
SENSEX,2022-05-06,54835.58
SENSEX,2022-05-09,54470.67
SENSEX,2022-05-10,54364.85
SENSEX,2022-05-11,54088.39
SENSEX,2022-05-12,52930.31
SENSEX,2022-05-13,52793.62
SENSEX,2022-05-16,52973.84
SENSEX,2022-05-17,54318.47
SENSEX,2022-05-18,54208.53
SENSEX,2022-05-19,52792.23
SENSEX,2022-05-20,54326.39
SENSEX,2022-05-23,54288.61
SENSEX,2022-05-24,54052.61
SENSEX,2022-05-25,53749.26
SENSEX,2022-05-26,54252.53
SENSEX,2022-05-27,54884.66
SENSEX,2022-05-30,55925.74
SENSEX,2022-05-31,55566.41
SENSEX,2022-06-01,55381.17
SENSEX,2022-06-02,55818.11
SENSEX,2022-06-03,55769.23
SENSEX,2022-06-06,55675.32
SENSEX,2022-06-07,55107.34
SENSEX,2022-06-08,54892.49
SENSEX,2022-06-09,55320.28
SENSEX,2022-06-10,54303.44
SENSEX,2022-06-13,52846.7
SENSEX,2022-06-14,52693.57
SENSEX,2022-06-15,52541.39
SENSEX,2022-06-16,51495.79
SENSEX,2022-06-17,51360.42
SENSEX,2022-06-20,51597.84
SENSEX,2022-06-21,52532.07
SENSEX,2022-06-22,51822.53
SENSEX,2022-06-23,52265.72
SENSEX,2022-06-24,52727.98
SENSEX,2022-06-27,53161.28
SENSEX,2022-06-28,53177.45
SENSEX,2022-06-29,53026.97
SENSEX,2022-06-30,53018.94
SENSEX,2022-07-01,52907.93
SENSEX,2022-07-04,53234.77
SENSEX,2022-07-05,53134.35
SENSEX,2022-07-06,53750.97
SENSEX,2022-07-07,54178.46
SENSEX,2022-07-08,54481.84
SENSEX,2022-07-11,54395.23
SENSEX,2022-07-12,53886.61
SENSEX,2022-07-13,53514.15
SENSEX,2022-07-14,53416.15
SENSEX,2022-07-15,53760.78
SENSEX,2022-07-18,54521.15
SENSEX,2022-07-19,54767.62
SENSEX,2022-07-20,55397.53
SENSEX,2022-07-21,55681.95
SENSEX,2022-07-22,56072.23
SENSEX,2022-07-25,55766.22
SENSEX,2022-07-26,55268.49
SENSEX,2022-07-27,55816.32
SENSEX,2022-07-28,56857.79
SENSEX,2022-07-29,57570.25
SENSEX,2022-08-01,58115.5
SENSEX,2022-08-02,58136.36
SENSEX,2022-08-03,58350.53
SENSEX,2022-08-04,58298.8
SENSEX,2022-08-05,58387.93
SENSEX,2022-08-08,58853.07
SENSEX,2022-08-10,58817.29
SENSEX,2022-08-11,59332.6
SENSEX,2022-08-12,59462.78
SENSEX,2022-08-16,59842.21
SENSEX,2022-08-17,60260.13
SENSEX,2022-08-18,60298
SENSEX,2022-08-19,59646.15
SENSEX,2022-08-22,58773.87
SENSEX,2022-08-23,59031.3
SENSEX,2022-08-24,59085.43
SENSEX,2022-08-25,58774.72
SENSEX,2022-08-26,58833.87
SENSEX,2022-08-29,57972.62
SENSEX,2022-08-30,59537.07
SENSEX,2022-09-01,58766.59
SENSEX,2022-09-02,58803.33
SENSEX,2022-09-05,59245.98
SENSEX,2022-09-06,59196.99
SENSEX,2022-09-07,59028.91
SENSEX,2022-09-08,59688.22
SENSEX,2022-09-09,59793.14
SENSEX,2022-09-12,60115.13
SENSEX,2022-09-13,60571.08
SENSEX,2022-09-14,60346.97
SENSEX,2022-09-15,59934.01
SENSEX,2022-09-16,58840.79
SENSEX,2022-09-19,59141.23
SENSEX,2022-09-20,59719.74
SENSEX,2022-09-21,59456.78
SENSEX,2022-09-22,59119.72
SENSEX,2022-09-23,58098.92
SENSEX,2022-09-26,57145.22
SENSEX,2022-09-27,57107.52
SENSEX,2022-09-28,56598.28
SENSEX,2022-09-29,56409.96
SENSEX,2022-09-30,57426.92
SENSEX,2022-10-03,56788.81
SENSEX,2022-10-04,58065.47
SENSEX,2022-10-06,58222.1
SENSEX,2022-10-07,58191.29
SENSEX,2022-10-10,57991.11
SENSEX,2022-10-11,57147.32
SENSEX,2022-10-12,57625.91
SENSEX,2022-10-13,57235.33
SENSEX,2022-10-14,57919.97
SENSEX,2022-10-17,58410.98
SENSEX,2022-10-18,58960.6
SENSEX,2022-10-19,59107.19
SENSEX,2022-10-20,59202.9
SENSEX,2022-10-21,59307.15
SENSEX,2022-10-24,59831.66
SENSEX,2022-10-25,59543.96
SENSEX,2022-10-27,59756.84
SENSEX,2022-10-28,59959.85
SENSEX,2022-10-31,60746.59
SENSEX,2022-11-01,61121.35
SENSEX,2022-11-02,60906.09
SENSEX,2022-11-03,60836.41
SENSEX,2022-11-04,60950.36
SENSEX,2022-11-07,61185.15
SENSEX,2022-11-09,61033.55
SENSEX,2022-11-10,60613.7
SENSEX,2022-11-11,61795.04
SENSEX,2022-11-14,61624.15
SENSEX,2022-11-15,61872.99
SENSEX,2022-11-16,61980.72
SENSEX,2022-11-17,61750.6
SENSEX,2022-11-18,61663.48
SENSEX,2022-11-21,61144.84
SENSEX,2022-11-22,61418.96
SENSEX,2022-11-23,61510.58
SENSEX,2022-11-24,62272.68
SENSEX,2022-11-25,62293.64
SENSEX,2022-11-28,62504.8
SENSEX,2022-11-29,62681.84
SENSEX,2022-11-30,63099.65
SENSEX,2022-12-01,63284.19
SENSEX,2022-12-02,62868.5
SENSEX,2022-12-05,62834.6
SENSEX,2022-12-06,62626.36
SENSEX,2022-12-07,62410.68
SENSEX,2022-12-08,62570.68
SENSEX,2022-12-09,62181.67
SENSEX,2022-12-12,62130.57
SENSEX,2022-12-13,62533.3
SENSEX,2022-12-14,62677.91
SENSEX,2022-12-15,61799.03
SENSEX,2022-12-16,61337.81
SENSEX,2022-12-19,61806.19
SENSEX,2022-12-20,61702.29
SENSEX,2022-12-21,61067.24
SENSEX,2022-12-22,60826.22
SENSEX,2022-12-23,59845.29
SENSEX,2022-12-26,60566.42
SENSEX,2022-12-27,60927.43
SENSEX,2022-12-28,60910.28
SENSEX,2022-12-29,61133.88
SENSEX,2022-12-30,60840.74
SENSEX,2023-01-02,61167.79
SENSEX,2023-01-03,61294.2
SENSEX,2023-01-04,60657.45
SENSEX,2023-01-05,60353.27
SENSEX,2023-01-06,59900.37
SENSEX,2023-01-09,60747.31
SENSEX,2023-01-10,60115.48
SENSEX,2023-01-11,60105.5
SENSEX,2023-01-12,59958.03
SENSEX,2023-01-13,60261.18
SENSEX,2023-01-16,60092.97
SENSEX,2023-01-17,60655.72
SENSEX,2023-01-18,61045.74
SENSEX,2023-01-19,60858.43
SENSEX,2023-01-20,60621.77
SENSEX,2023-01-23,60941.67
SENSEX,2023-01-24,60978.75
SENSEX,2023-01-25,60205.06
SENSEX,2023-01-27,59330.9
SENSEX,2023-01-30,59500.41
SENSEX,2023-01-31,59549.9
SENSEX,2023-02-01,59708.08
SENSEX,2023-02-02,59932.24
SENSEX,2023-02-03,60841.88
SENSEX,2023-02-06,60506.9
SENSEX,2023-02-07,60286.04
SENSEX,2023-02-08,60663.79
SENSEX,2023-02-09,60806.22
SENSEX,2023-02-10,60682.7
SENSEX,2023-02-13,60431.84
SENSEX,2023-02-14,61032.26
SENSEX,2023-02-15,61275.09
SENSEX,2023-02-16,61319.51
SENSEX,2023-02-17,61002.57
SENSEX,2023-02-20,60691.54
SENSEX,2023-02-21,60672.72
SENSEX,2023-02-22,59744.98
SENSEX,2023-02-23,59605.8
SENSEX,2023-02-24,59463.93
SENSEX,2023-02-27,59288.35
SENSEX,2023-02-28,58962.12
SENSEX,2023-03-01,59411.08
SENSEX,2023-03-02,58909.35
SENSEX,2023-03-03,59808.97
SENSEX,2023-03-06,60224.46
SENSEX,2023-03-08,60348.09
SENSEX,2023-03-09,59806.28
SENSEX,2023-03-10,59135.13
SENSEX,2023-03-13,58237.85
SENSEX,2023-03-14,57900.19
SENSEX,2023-03-15,57555.9
SENSEX,2023-03-16,57634.84
SENSEX,2023-03-17,57989.9
SENSEX,2023-03-20,57628.95
SENSEX,2023-03-21,58074.68
SENSEX,2023-03-22,58214.59
SENSEX,2023-03-23,57925.28
SENSEX,2023-03-24,57527.1
SENSEX,2023-03-27,57653.86
SENSEX,2023-03-28,57613.72
SENSEX,2023-03-29,57960.09
SENSEX,2023-03-31,58991.52
SENSEX,2023-04-03,59106.44
SENSEX,2023-04-05,59689.31
SENSEX,2023-04-06,59832.97
SENSEX,2023-04-10,59846.51
SENSEX,2023-04-11,60157.72
SENSEX,2023-04-12,60392.77
SENSEX,2023-04-13,60431
SENSEX,2023-04-17,59910.75
SENSEX,2023-04-18,59727.01
SENSEX,2023-04-19,59567.8
SENSEX,2023-04-20,59632.35
SENSEX,2023-04-21,59655.06
SENSEX,2023-04-24,60056.1
SENSEX,2023-04-25,60130.71
SENSEX,2023-04-26,60300.58
SENSEX,2023-04-27,60649.38
SENSEX,2023-04-28,61112.44
SENSEX,2023-05-02,61354.71
SENSEX,2023-05-03,61193.3
SENSEX,2023-05-04,61749.25
SENSEX,2023-05-05,61054.29
SENSEX,2023-05-08,61764.25
SENSEX,2023-05-09,61761.33
SENSEX,2023-05-10,61940.2
SENSEX,2023-05-11,61904.52
SENSEX,2023-05-12,62027.9
SENSEX,2023-05-15,62345.71
SENSEX,2023-05-16,61932.47
SENSEX,2023-05-17,61560.64
SENSEX,2023-05-18,61431.74
SENSEX,2023-05-19,61729.68
SENSEX,2023-05-22,61963.68
SENSEX,2023-05-23,61981.79
SENSEX,2023-05-24,61773.78
SENSEX,2023-05-25,61872.62
SENSEX,2023-05-26,62501.69
SENSEX,2023-05-29,62846.38
SENSEX,2023-05-30,62969.13
SENSEX,2023-05-31,62622.24
SENSEX,2023-06-01,62428.54
SENSEX,2023-06-02,62547.11
SENSEX,2023-06-05,62787.47
SENSEX,2023-06-06,62792.88
SENSEX,2023-06-07,63142.96
SENSEX,2023-06-08,62848.64
SENSEX,2023-06-09,62625.63
SENSEX,2023-06-12,62724.71
SENSEX,2023-06-13,63143.16
SENSEX,2023-06-14,63228.51
SENSEX,2023-06-15,62917.63
SENSEX,2023-06-16,63384.58
SENSEX,2023-06-19,63168.3
SENSEX,2023-06-20,63327.7
SENSEX,2023-06-21,63523.15
SENSEX,2023-06-22,63238.89
SENSEX,2023-06-23,62979.37
SENSEX,2023-06-26,62970
SENSEX,2023-06-27,63416.03
SENSEX,2023-06-28,63915.42
SENSEX,2023-06-30,64718.56
SENSEX,2023-07-03,65205.05
SENSEX,2023-07-04,65479.05
SENSEX,2023-07-05,65446.04
SENSEX,2023-07-06,65785.64
SENSEX,2023-07-07,65280.45
SENSEX,2023-07-10,65344.17
SENSEX,2023-07-11,65617.84
SENSEX,2023-07-12,65393.9
SENSEX,2023-07-13,65558.89
SENSEX,2023-07-14,66060.9
SENSEX,2023-07-17,66589.93
SENSEX,2023-07-18,66795.14
SENSEX,2023-07-19,67097.44
SENSEX,2023-07-20,67571.9
SENSEX,2023-07-21,66684.26
SENSEX,2023-07-24,66384.78
SENSEX,2023-07-25,66355.71
SENSEX,2023-07-26,66707.2
SENSEX,2023-07-27,66266.82
SENSEX,2023-07-28,66160.2
SENSEX,2023-07-31,66527.67
SENSEX,2023-08-01,66459.31
SENSEX,2023-08-02,65782.78
SENSEX,2023-08-03,65240.68
SENSEX,2023-08-04,65721.25
SENSEX,2023-08-07,65721.25
SENSEX,2023-08-08,65846.5
SENSEX,2023-08-09,65995.81
SENSEX,2023-08-10,65688.18
SENSEX,2023-08-11,65322.65
SENSEX,2023-08-14,65401.92
SENSEX,2023-08-16,65539.42
SENSEX,2023-08-17,65151.02
SENSEX,2023-08-18,64948.66
SENSEX,2023-08-21,65216.09
SENSEX,2023-08-22,65220.03
SENSEX,2023-08-23,65433.3
SENSEX,2023-08-24,65252.34
SENSEX,2023-08-25,64886.51
SENSEX,2023-08-28,64996.6
SENSEX,2023-08-29,65075.82
SENSEX,2023-08-30,65087.25
SENSEX,2023-08-31,64831.41
SENSEX,2023-09-01,65387.16
SENSEX,2023-09-04,65628.14
SENSEX,2023-09-05,65780.26
SENSEX,2023-09-06,65880.52
SENSEX,2023-09-07,66265.56
SENSEX,2023-09-08,66598.91
SENSEX,2023-09-11,67127.08
SENSEX,2023-09-12,67221.13
SENSEX,2023-09-13,67466.99
SENSEX,2023-09-14,67519
SENSEX,2023-09-15,67838.63
SENSEX,2023-09-18,67596.84
SENSEX,2023-09-20,66800.84
SENSEX,2023-09-21,66230.24
SENSEX,2023-09-22,66009.15
SENSEX,2023-09-25,66023.69
SENSEX,2023-09-26,65945.47
SENSEX,2023-09-27,66118.69
SENSEX,2023-09-28,65508.32
SENSEX,2023-09-29,65828.41
SENSEX,2023-10-03,65512.1
SENSEX,2023-10-04,65226.04
SENSEX,2023-10-05,65631.57
SENSEX,2023-10-06,65995.63
SENSEX,2023-10-09,65512.39
SENSEX,2023-10-10,66079.36
SENSEX,2023-10-11,66473.05
SENSEX,2023-10-12,66408.39
SENSEX,2023-10-13,66282.74
SENSEX,2023-10-16,66166.93
SENSEX,2023-10-17,66428.09
SENSEX,2023-10-18,65877.02
SENSEX,2023-10-19,65629.24
SENSEX,2023-10-20,65397.62
SENSEX,2023-10-23,64571.88
SENSEX,2023-10-25,64049.06
SENSEX,2023-10-26,63148.15
SENSEX,2023-10-27,63782.8
SENSEX,2023-10-30,64112.65
SENSEX,2023-10-31,63874.93
SENSEX,2023-11-01,63591.33
SENSEX,2023-11-02,64080.9
SENSEX,2023-11-03,64363.78
SENSEX,2023-11-06,64958.69
SENSEX,2023-11-07,64942.4
SENSEX,2023-11-08,64975.61
SENSEX,2023-11-09,64832.2
SENSEX,2023-11-10,64904.68
SENSEX,2023-11-12,65259.45
SENSEX,2023-11-13,64933.87
SENSEX,2023-11-15,65675.93
SENSEX,2023-11-16,65982.48
SENSEX,2023-11-17,65794.73
SENSEX,2023-11-20,65655.15
SENSEX,2023-11-21,65930.77
SENSEX,2023-11-22,66023.24
SENSEX,2023-11-23,66017.81
SENSEX,2023-11-24,65970.04
SENSEX,2023-11-28,66174.2
SENSEX,2023-11-29,66901.91
SENSEX,2023-11-30,66988.44
SENSEX,2023-12-01,67481.19
SENSEX,2023-12-04,68865.12
SENSEX,2023-12-05,69296.14
SENSEX,2023-12-06,69653.73
SENSEX,2023-12-07,69521.69
SENSEX,2023-12-08,69825.6
SENSEX,2023-12-11,69928.53
SENSEX,2023-12-12,69551.03
SENSEX,2023-12-13,69584.6
SENSEX,2023-12-14,70514.2
SENSEX,2023-12-15,71483.75
SENSEX,2023-12-18,71315.09
SENSEX,2023-12-19,71437.19
SENSEX,2023-12-20,70506.31
SENSEX,2023-12-21,70865.1
SENSEX,2023-12-22,71106.96
SENSEX,2023-12-26,71336.8
SENSEX,2023-12-27,72038.43
SENSEX,2023-12-28,72410.38
SENSEX,2023-12-29,72240.26
SENSEX,2024-01-01,72271.94
SENSEX,2024-01-02,71892.48
SENSEX,2024-01-03,71356.6
SENSEX,2024-01-04,71847.57
SENSEX,2024-01-05,72026.15
SENSEX,2024-01-08,71355.22
SENSEX,2024-01-09,71386.21
SENSEX,2024-01-10,71657.71
SENSEX,2024-01-11,71721.18
SENSEX,2024-01-12,72568.45
SENSEX,2024-01-15,73327.94
SENSEX,2024-01-16,73128.77
SENSEX,2024-01-17,71500.76
SENSEX,2024-01-18,71186.86
SENSEX,2024-01-19,71683.23
SENSEX,2024-01-20,71423.65
SENSEX,2024-01-23,70370.55
SENSEX,2024-01-24,71060.31
SENSEX,2024-01-25,70700.67
SENSEX,2024-01-29,71941.57
SENSEX,2024-01-30,71139.9
SENSEX,2024-01-31,71752.11
SENSEX,2024-02-01,71645.3
SENSEX,2024-02-02,72085.63
SENSEX,2024-02-05,71731.42
SENSEX,2024-02-06,72186.09
SENSEX,2024-02-07,72152
SENSEX,2024-02-08,71428.43
SENSEX,2024-02-09,71595.49
SENSEX,2024-02-12,71072.49
SENSEX,2024-02-13,71555.19
SENSEX,2024-02-14,71822.83
SENSEX,2024-02-15,72050.38
SENSEX,2024-02-19,72708.16
SENSEX,2024-02-20,73057.4
SENSEX,2024-02-21,72623.09
SENSEX,2024-02-22,73158.24
SENSEX,2024-02-23,73142.8
SENSEX,2024-02-26,72790.13
SENSEX,2024-02-27,73095.22
SENSEX,2024-02-28,72304.88
SENSEX,2024-02-29,72500.3
SENSEX,2024-03-01,73745.35
SENSEX,2024-03-02,73806.15
SENSEX,2024-03-04,73872.29
SENSEX,2024-03-05,73677.13
SENSEX,2024-03-06,74085.99
SENSEX,2024-03-07,74119.39
SENSEX,2024-03-11,73502.64
SENSEX,2024-03-12,73667.96
SENSEX,2024-03-13,72761.89
SENSEX,2024-03-14,73097.28
SENSEX,2024-03-15,72643.43
SENSEX,2024-03-18,72748.42
SENSEX,2024-03-19,72012.05
SENSEX,2024-03-20,72101.69
SENSEX,2024-03-21,72641.19
SENSEX,2024-03-26,72470.3
SENSEX,2024-03-27,72996.31
SENSEX,2024-03-28,73651.35
SENSEX,2024-04-01,74014.55
SENSEX,2024-04-02,73903.91
SENSEX,2024-04-03,73876.82
SENSEX,2024-04-04,74227.63
SENSEX,2024-04-05,74248.22
SENSEX,2024-04-08,74742.5
SENSEX,2024-04-09,74683.7
SENSEX,2024-04-10,75038.15
SENSEX,2024-04-12,74244.9
SENSEX,2024-04-15,73399.78
SENSEX,2024-04-16,72943.68
SENSEX,2024-04-18,72488.99
SENSEX,2024-04-19,73088.33
SENSEX,2024-04-22,73648.62
SENSEX,2024-04-23,73738.45
SENSEX,2024-04-24,73852.94
SENSEX,2024-04-25,74339.44
SENSEX,2024-04-26,73730.16
SENSEX,2024-04-29,74671.28
SENSEX,2024-04-30,74482.78
SENSEX,2024-05-02,74611.11
SENSEX,2024-05-03,73878.15
SENSEX,2024-05-06,73895.54
SENSEX,2024-05-07,73511.85
SENSEX,2024-05-08,73466.39
SENSEX,2024-05-09,72404.17
SENSEX,2024-05-10,72664.47
SENSEX,2024-05-13,72776.13
SENSEX,2024-05-14,73104.61
SENSEX,2024-05-15,72987.03
SENSEX,2024-05-16,73663.72
SENSEX,2024-05-17,73917.03
SENSEX,2024-05-18,74005.94
SENSEX,2024-05-21,73953.31
SENSEX,2024-05-22,74221.06
SENSEX,2024-05-23,75418.04
SENSEX,2024-05-24,75410.39
SENSEX,2024-05-27,75390.5
SENSEX,2024-05-28,75170.45
SENSEX,2024-05-29,74502.9
SENSEX,2024-05-30,73885.6
SENSEX,2024-05-31,73961.31
SENSEX,2024-06-03,76468.78
SENSEX,2024-06-04,72079.05
SENSEX,2024-06-05,74382.24
SENSEX,2024-06-06,75074.51
SENSEX,2024-06-07,76693.36
SENSEX,2024-06-10,76490.08
SENSEX,2024-06-11,76456.59
SENSEX,2024-06-12,76606.57
SENSEX,2024-06-13,76810.9
SENSEX,2024-06-14,76992.77
SENSEX,2024-06-18,77301.14
SENSEX,2024-06-19,77337.59
SENSEX,2024-06-20,77478.93
SENSEX,2024-06-21,77209.9
SENSEX,2024-06-24,77341.08
SENSEX,2024-06-25,78053.52
SENSEX,2024-06-26,78674.25
SENSEX,2024-06-27,79243.18
SENSEX,2024-06-28,79032.73
SENSEX,2024-07-01,79476.19
SENSEX,2024-07-02,79441.45
SENSEX,2024-07-03,79986.8
SENSEX,2024-07-04,80049.67
SENSEX,2024-07-05,79996.6
SENSEX,2024-07-08,79960.38
SENSEX,2024-07-09,80351.64
SENSEX,2024-07-10,79924.77
SENSEX,2024-07-11,79897.34
SENSEX,2024-07-12,80519.34
SENSEX,2024-07-15,80664.86
SENSEX,2024-07-16,80716.55
SENSEX,2024-07-18,81343.46
SENSEX,2024-07-19,80604.65
SENSEX,2024-07-22,80502.08
SENSEX,2024-07-23,80429.04
SENSEX,2024-07-24,80148.88
SENSEX,2024-07-25,80039.8
SENSEX,2024-07-26,81332.72
SENSEX,2024-07-29,81355.84
SENSEX,2024-07-30,81455.4
SENSEX,2024-07-31,81741.34
SENSEX,2024-08-01,81867.55
SENSEX,2024-08-02,80981.95
SENSEX,2024-08-05,78759.4
SENSEX,2024-08-06,78593.07
SENSEX,2024-08-07,79468.01
SENSEX,2024-08-08,78886.22
SENSEX,2024-08-09,79705.91
SENSEX,2024-08-12,79648.92
SENSEX,2024-08-13,78956.03
SENSEX,2024-08-14,79105.88
SENSEX,2024-08-16,80436.84
SENSEX,2024-08-19,80424.68
SENSEX,2024-08-20,80802.86
SENSEX,2024-08-21,80905.3
SENSEX,2024-08-22,81053.19
SENSEX,2024-08-23,81086.21
SENSEX,2024-08-26,81698.11
SENSEX,2024-08-27,81711.76
SENSEX,2024-08-28,81785.56
SENSEX,2024-08-29,82134.61
SENSEX,2024-08-30,82365.77
SENSEX,2024-09-02,82559.84
SENSEX,2024-09-03,82555.44
SENSEX,2024-09-04,82352.64
SENSEX,2024-09-05,82201.16
SENSEX,2024-09-06,81183.93
SENSEX,2024-09-09,81559.54
SENSEX,2024-09-10,81921.29
SENSEX,2024-09-11,81523.16
SENSEX,2024-09-12,82962.71
SENSEX,2024-09-13,82890.94
SENSEX,2024-09-16,82988.78
SENSEX,2024-09-17,83079.66
SENSEX,2024-09-18,82948.23
SENSEX,2024-09-19,83184.8
SENSEX,2024-09-20,84544.31
SENSEX,2024-09-23,84928.61
SENSEX,2024-09-24,84914.04
SENSEX,2024-09-25,85169.87
SENSEX,2024-09-26,85836.12
SENSEX,2024-09-27,85571.85
SENSEX,2024-09-30,84299.78
SENSEX,2024-10-01,84266.29
SENSEX,2024-10-03,82497.1
SENSEX,2024-10-04,81688.45
SENSEX,2024-10-07,81050
SENSEX,2024-10-08,81634.81
SENSEX,2024-10-09,81467.1
SENSEX,2024-10-10,81611.41
SENSEX,2024-10-11,81381.36
SENSEX,2024-10-14,81973.05
SENSEX,2024-10-15,81820.12
SENSEX,2024-10-16,81501.36
SENSEX,2024-10-17,81006.61
SENSEX,2024-10-18,81224.75
SENSEX,2024-10-21,81151.27
SENSEX,2024-10-22,80220.72
SENSEX,2024-10-23,80081.98
SENSEX,2024-10-24,80065.16
SENSEX,2024-10-25,79402.29
SENSEX,2024-10-28,80005.04
SENSEX,2024-10-29,80369.03
SENSEX,2024-10-30,79942.18
SENSEX,2024-10-31,79389.06
SENSEX,2024-11-01,79724.12
SENSEX,2024-11-04,78782.24
SENSEX,2024-11-05,79476.63
SENSEX,2024-11-06,80378.13
SENSEX,2024-11-07,79541.79
SENSEX,2024-11-08,79486.32
SENSEX,2024-11-11,79496.15
SENSEX,2024-11-12,78675.18
SENSEX,2024-11-13,77690.95
SENSEX,2024-11-14,77580.31
SENSEX,2024-11-18,77339.01
SENSEX,2024-11-19,77578.38
SENSEX,2024-11-21,77155.79
SENSEX,2024-11-22,79117.11
SENSEX,2024-11-25,80109.85
SENSEX,2024-11-26,80004.06
SENSEX,2024-11-27,80234.08
SENSEX,2024-11-28,79043.74
SENSEX,2024-11-29,79802.79
SENSEX,2024-12-02,80248.08
SENSEX,2024-12-03,80845.75
SENSEX,2024-12-04,80956.33
SENSEX,2024-12-05,81765.86
SENSEX,2024-12-06,81709.12
SENSEX,2024-12-09,81508.46
SENSEX,2024-12-10,81510.05
SENSEX,2024-12-11,81526.14
SENSEX,2024-12-12,81289.96
SENSEX,2024-12-13,82133.12
SENSEX,2024-12-16,81748.57
SENSEX,2024-12-17,80684.45
SENSEX,2024-12-18,80182.2
SENSEX,2024-12-19,79218.05
SENSEX,2024-12-20,78041.59
SENSEX,2024-12-23,78540.17
SENSEX,2024-12-24,78472.87
SENSEX,2024-12-26,78472.48
SENSEX,2024-12-27,78699.07
SENSEX,2024-12-30,78248.13
SENSEX,2024-12-31,78139.01
SENSEX,2025-01-01,78507.41
SENSEX,2025-01-02,79943.71
SENSEX,2025-01-03,79223.11
SENSEX,2025-01-06,77964.99
SENSEX,2025-01-07,78199.11
SENSEX,2025-01-08,78148.49
SENSEX,2025-01-09,77620.21
SENSEX,2025-01-10,77378.91
SENSEX,2025-01-13,76330.01
SENSEX,2025-01-14,76499.63
SENSEX,2025-01-15,76724.08
SENSEX,2025-01-16,77042.82
SENSEX,2025-01-17,76619.33
SENSEX,2025-01-20,77073.44
SENSEX,2025-01-21,75838.36
SENSEX,2025-01-22,76404.99
SENSEX,2025-01-23,76520.38
SENSEX,2025-01-24,76190.46
SENSEX,2025-01-27,75366.17
SENSEX,2025-01-28,75901.41
SENSEX,2025-01-29,76532.96
SENSEX,2025-01-30,76759.81
SENSEX,2025-01-31,77500.57
SENSEX,2025-02-01,77505.96
SENSEX,2025-02-03,77186.74
SENSEX,2025-02-04,78583.81
SENSEX,2025-02-05,78271.28
SENSEX,2025-02-06,78058.16
SENSEX,2025-02-07,77860.19
SENSEX,2025-02-10,77311.8
SENSEX,2025-02-11,76293.6
SENSEX,2025-02-12,76171.08
SENSEX,2025-02-13,76138.97
SENSEX,2025-02-14,75939.21
SENSEX,2025-02-17,75996.86
SENSEX,2025-02-18,75967.39
SENSEX,2025-02-19,75939.18
SENSEX,2025-02-20,75735.96
SENSEX,2025-02-21,75311.06
SENSEX,2025-02-24,74454.41
SENSEX,2025-02-25,74602.12
SENSEX,2025-02-27,74612.43
SENSEX,2025-02-28,73198.1
SENSEX,2025-03-03,73085.94
SENSEX,2025-03-04,72989.93
SENSEX,2025-03-05,73730.23
SENSEX,2025-03-06,74340.09
SENSEX,2025-03-07,74332.58
SENSEX,2025-03-10,74115.17
SENSEX,2025-03-11,74102.32
SENSEX,2025-03-12,74029.76
SENSEX,2025-03-13,73828.91
SENSEX,2025-03-17,74169.95
SENSEX,2025-03-18,75301.26
SENSEX,2025-03-19,75449.05
SENSEX,2025-03-20,76348.06
SENSEX,2025-03-21,76905.51
SENSEX,2025-03-24,77984.38
SENSEX,2025-03-25,78017.19
SENSEX,2025-03-26,77288.5
SENSEX,2025-03-27,77606.43
SENSEX,2025-03-28,77414.92
SENSEX,2025-04-01,76024.51
SENSEX,2025-04-02,76617.44
SENSEX,2025-04-03,76295.36
SENSEX,2025-04-04,75364.69
SENSEX,2025-04-07,73137.9
SENSEX,2025-04-08,74227.08
SENSEX,2025-04-09,73847.15
SENSEX,2025-04-11,75157.26
SENSEX,2025-04-15,76734.89
SENSEX,2025-04-16,77044.29
SENSEX,2025-04-17,78553.2
SENSEX,2025-04-21,79408.5
SENSEX,2025-04-22,79595.59
SENSEX,2025-04-23,80116.49
SENSEX,2025-04-24,79801.43
SENSEX,2025-04-25,79212.53
SENSEX,2025-04-28,80218.37
SENSEX,2025-04-29,80288.38
SENSEX,2025-04-30,80242.24
SENSEX,2025-05-02,80501.99
SENSEX,2025-05-05,80796.84
SENSEX,2025-05-06,80641.07
SENSEX,2025-05-07,80746.78
SENSEX,2025-05-08,80334.81
SENSEX,2025-05-09,79454.47
SENSEX,2025-05-12,82429.9
SENSEX,2025-05-13,81148.22
SENSEX,2025-05-14,81330.56
SENSEX,2025-05-15,82530.74
SENSEX,2025-05-16,82330.59
SENSEX,2025-05-19,82059.42
SENSEX,2025-05-20,81186.44
SENSEX,2025-05-21,81596.63
SENSEX,2025-05-22,80951.99
SENSEX,2025-05-23,81721.08
SENSEX,2025-05-26,82176.45
SENSEX,2025-05-27,81551.63
SENSEX,2025-05-28,81312.32
SENSEX,2025-05-29,81633.02
SENSEX,2025-05-30,81451.01
SENSEX,2025-06-02,81373.75
SENSEX,2025-06-03,80737.51
SENSEX,2025-06-04,80998.25
SENSEX,2025-06-05,81442.04
SENSEX,2025-06-06,82188.99
SENSEX,2025-06-09,82445.21
SENSEX,2025-06-10,82391.72
SENSEX,2025-06-11,82515.14
SENSEX,2025-06-12,81691.98
SENSEX,2025-06-13,81118.6
SENSEX,2025-06-16,81796.15
SENSEX,2025-06-17,81583.3
SENSEX,2025-06-18,81444.66
SENSEX,2025-06-19,81361.87
SENSEX,2025-06-20,82408.17
SENSEX,2025-06-23,81896.79
SENSEX,2025-06-24,82055.11
SENSEX,2025-06-25,82755.51
SENSEX,2025-06-26,83755.87
SENSEX,2025-06-27,84058.9
SENSEX,2025-06-30,83606.46
SENSEX,2025-07-01,83697.29
SENSEX,2025-07-02,83409.69
SENSEX,2025-07-03,83239.47
SENSEX,2025-07-04,83432.89
SENSEX,2025-07-07,83442.5
SENSEX,2025-07-08,83712.51
SENSEX,2025-07-09,83536.08
SENSEX,2025-07-10,83190.28
SENSEX,2025-07-11,82500.47
SENSEX,2025-07-14,82253.46
SENSEX,2025-07-15,82570.91
SENSEX,2025-07-16,82634.48
SENSEX,2025-07-17,82259.24
SENSEX,2025-07-18,81757.73
SENSEX,2025-07-21,82200.34
SENSEX,2025-07-22,82186.81
SENSEX,2025-07-23,82726.64
SENSEX,2025-07-24,82184.17
SENSEX,2025-07-25,81463.09
SENSEX,2025-07-28,80891.02
SENSEX,2025-07-29,81337.95
SENSEX,2025-07-30,81481.86
SENSEX,2025-07-31,81185.58
SENSEX,2025-08-01,80599.91
SENSEX,2025-08-04,81018.72
SENSEX,2025-08-05,80710.25
SENSEX,2025-08-06,80543.99
SENSEX,2025-08-07,80623.26
SENSEX,2025-08-08,79857.79
SENSEX,2025-08-11,80604.08
SENSEX,2025-08-12,80235.59
SENSEX,2025-08-13,80539.91
SENSEX,2025-08-14,80597.66
SENSEX,2025-08-18,81273.75
SENSEX,2025-08-19,81644.39
SENSEX,2025-08-20,81857.84
SENSEX,2025-08-21,82000.71
SENSEX,2025-08-22,81306.85
SENSEX,2025-08-25,81635.91
SENSEX,2025-08-26,80786.54
SENSEX,2025-08-28,80080.57
SENSEX,2025-08-29,79809.65
SENSEX,2025-09-01,80364.49
SENSEX,2025-09-02,80157.88
SENSEX,2025-09-03,80567.71
SENSEX,2025-09-04,80718.01
SENSEX,2025-09-05,80710.76
SENSEX,2025-09-08,80787.3
SENSEX,2025-09-09,81101.32
SENSEX,2025-09-10,81425.15
SENSEX,2025-09-11,81548.73
SENSEX,2025-09-12,81904.7
SENSEX,2025-09-15,81785.74
SENSEX,2025-09-16,82380.69
SENSEX,2025-09-17,82693.71
SENSEX,2025-09-18,83013.96
SENSEX,2025-09-19,82626.23
SENSEX,2025-09-22,82159.97
SENSEX,2025-09-23,82102.1
SENSEX,2025-09-24,81715.63
SENSEX,2025-09-25,81159.68
SENSEX,2025-09-26,80426.46
SENSEX,2025-09-29,80364.94
SENSEX,2025-09-30,80267.62
SENSEX,2025-10-01,80983.31
SENSEX,2025-10-03,81207.17
SENSEX,2025-10-06,81790.12
SENSEX,2025-10-07,81926.75
SENSEX,2025-10-08,81773.66
SENSEX,2025-10-09,82172.1
SENSEX,2025-10-10,82500.82
SENSEX,2025-10-13,82327.05
SENSEX,2025-10-14,82029.98
SENSEX,2025-10-15,82605.43
SENSEX,2025-10-16,83467.66
SENSEX,2025-10-17,83952.19
SENSEX,2025-10-20,84363.37
SENSEX,2025-10-21,84426.34
SENSEX,2025-10-23,84556.4
SENSEX,2025-10-24,84211.88
SENSEX,2025-10-27,84778.84
SENSEX,2025-10-28,84628.16
SENSEX,2025-10-29,84997.13
SENSEX,2025-10-30,84404.46
SENSEX,2025-10-31,83938.71
