Ticker,Date,Time,Expiry Date,Open,High,Low,Close,Volume,Open Interest,Padding Flag
FINNIFTY05MAR2423400CE.NFO,2024-03-05,09:15:00,2024-03-05,0.2,0.2,0.2,0.2,0,0,0
FINNIFTY05MAR2423400CE.NFO,2024-03-05,09:16:00,2024-03-05,0.2,0.2,0.2,0.2,0,0,1
FINNIFTY05MAR2423400CE.NFO,2024-03-05,09:17:00,2024-03-05,0.2,0.2,0.2,0.2,0,0,1
FINNIFTY05MAR2423400CE.NFO,2024-03-05,09:18:00,2024-03-05,0.2,0.2,0.2,0.2,0,0,1
FINNIFTY05MAR2423400CE.NFO,2024-03-05,09:19:00,2024-03-05,0.2,0.2,0.2,0.2,0,0,1
FINNIFTY05MAR2423400CE.NFO,2024-03-05,09:20:00,2024-03-05,0.2,0.3,0.2,0.25,6840,37500,0
FINNIFTY05MAR2423400CE.NFO,2024-03-05,09:21:00,2024-03-05,0.25,0.25,0.2,0.2,1240,7840,0
FINNIFTY05MAR2423400CE.NFO,2024-03-05,09:22:00,2024-03-05,0.2,0.25,0.2,0.25,1520,7840,0
FINNIFTY05MAR2423400CE.NFO,2024-03-05,09:23:00,2024-03-05,0.25,0.25,0.25,0.25,1480,7840,0
FINNIFTY05MAR2423400CE.NFO,2024-03-05,09:24:00,2024-03-05,0.25,0.25,0.25,0.25,240,7840,0
FINNIFTY05MAR2423400CE.NFO,2024-03-05,09:25:00,2024-03-05,0.25,0.25,0.2,0.2,120,11840,0
FINNIFTY05MAR2423400CE.NFO,2024-03-05,09:26:00,2024-03-05,0.2,0.2,0.2,0.2,160,11840,0
FINNIFTY05MAR2423400CE.NFO,2024-03-05,09:27:00,2024-03-05,0.2,0.2,0.15,0.15,160,12240,0
FINNIFTY05MAR2423400CE.NFO,2024-03-05,09:28:00,2024-03-05,0.15,0.15,0.15,0.15,0,12240,0
FINNIFTY05MAR2423400CE.NFO,2024-03-05,09:29:00,2024-03-05,0.15,0.2,0.15,0.2,120,12240,0
FINNIFTY05MAR2423400CE.NFO,2024-03-05,09:30:00,2024-03-05,0.2,0.2,0.2,0.2,0,12240,0
FINNIFTY05MAR2423400CE.NFO,2024-03-05,09:31:00,2024-03-05,0.2,0.2,0.2,0.2,80,12360,0
FINNIFTY05MAR2423400CE.NFO,2024-03-05,09:32:00,2024-03-05,0.2,0.2,0.2,0.2,280,12360,0
FINNIFTY05MAR2423400CE.NFO,2024-03-05,09:33:00,2024-03-05,0.2,0.2,0.2,0.2,120,12720,0
FINNIFTY05MAR2423400CE.NFO,2024-03-05,09:34:00,2024-03-05,0.2,0.2,0.15,0.2,5400,12720,0
FINNIFTY05MAR2423400CE.NFO,2024-03-05,09:35:00,2024-03-05,0.2,0.2,0.15,0.2,3920,12720,0
FINNIFTY05MAR2423400CE.NFO,2024-03-05,09:36:00,2024-03-05,0.2,0.2,0.15,0.15,1800,12720,0
FINNIFTY05MAR2423400CE.NFO,2024-03-05,09:37:00,2024-03-05,0.15,0.2,0.15,0.15,2320,20440,0
FINNIFTY05MAR2423400CE.NFO,2024-03-05,09:38:00,2024-03-05,0.15,0.2,0.15,0.2,600,20440,0
FINNIFTY05MAR2423400CE.NFO,2024-03-05,09:39:00,2024-03-05,0.2,0.2,0.2,0.2,120,23200,0
FINNIFTY05MAR2423400CE.NFO,2024-03-05,09:40:00,2024-03-05,0.2,0.2,0.2,0.2,240,23200,0
FINNIFTY05MAR2423400CE.NFO,2024-03-05,09:41:00,2024-03-05,0.2,0.2,0.2,0.2,600,23200,0
FINNIFTY05MAR2423400CE.NFO,2024-03-05,09:42:00,2024-03-05,0.2,0.2,0.2,0.2,0,23200,0
FINNIFTY05MAR2423400CE.NFO,2024-03-05,09:43:00,2024-03-05,0.2,0.2,0.2,0.2,0,23200,0
FINNIFTY05MAR2423400CE.NFO,2024-03-05,09:44:00,2024-03-05,0.2,0.2,0.2,0.2,120,24160,0
FINNIFTY05MAR2423400CE.NFO,2024-03-05,09:45:00,2024-03-05,0.2,0.2,0.15,0.15,4400,24280,0
FINNIFTY05MAR2423400CE.NFO,2024-03-05,09:46:00,2024-03-05,0.15,0.15,0.1,0.1,17400,24280,0
FINNIFTY05MAR2423400CE.NFO,2024-03-05,09:47:00,2024-03-05,0.1,0.2,0.1,0.2,8320,24280,0
FINNIFTY05MAR2423400CE.NFO,2024-03-05,09:48:00,2024-03-05,0.2,0.2,0.1,0.15,7600,37400,0
FINNIFTY05MAR2423400CE.NFO,2024-03-05,09:49:00,2024-03-05,0.15,0.15,0.1,0.1,4480,37400,0
FINNIFTY05MAR2423400CE.NFO,2024-03-05,09:50:00,2024-03-05,0.15,0.15,0.1,0.15,5200,37400,0
FINNIFTY05MAR2423400CE.NFO,2024-03-05,09:51:00,2024-03-05,0.15,0.15,0.1,0.1,6800,37480,0
FINNIFTY05MAR2423400CE.NFO,2024-03-05,09:52:00,2024-03-05,0.1,0.1,0.1,0.1,40,37480,0
FINNIFTY05MAR2423400CE.NFO,2024-03-05,09:53:00,2024-03-05,0.1,0.15,0.1,0.15,40,37480,0
FINNIFTY05MAR2423400CE.NFO,2024-03-05,09:54:00,2024-03-05,0.15,0.15,0.1,0.15,10160,39560,0
FINNIFTY05MAR2423400CE.NFO,2024-03-05,09:55:00,2024-03-05,0.15,0.15,0.15,0.15,5200,39560,0
FINNIFTY05MAR2423400CE.NFO,2024-03-05,09:56:00,2024-03-05,0.15,0.15,0.15,0.15,2720,39560,0
FINNIFTY05MAR2423400CE.NFO,2024-03-05,09:57:00,2024-03-05,0.15,0.15,0.15,0.15,0,39560,0
FINNIFTY05MAR2423400CE.NFO,2024-03-05,09:58:00,2024-03-05,0.15,0.15,0.1,0.1,6560,45200,0
FINNIFTY05MAR2423400CE.NFO,2024-03-05,09:59:00,2024-03-05,0.1,0.15,0.1,0.1,10360,45200,0
FINNIFTY05MAR2423400CE.NFO,2024-03-05,10:00:00,2024-03-05,0.1,0.15,0.1,0.15,3960,40880,0
FINNIFTY05MAR2423400CE.NFO,2024-03-05,10:01:00,2024-03-05,0.15,0.15,0.15,0.15,2680,40880,0
FINNIFTY05MAR2423400CE.NFO,2024-03-05,10:02:00,2024-03-05,0.15,0.15,0.15,0.15,1160,40880,0
FINNIFTY05MAR2423400CE.NFO,2024-03-05,10:03:00,2024-03-05,0.15,0.15,0.15,0.15,0,40880,0
FINNIFTY05MAR2423400CE.NFO,2024-03-05,10:04:00,2024-03-05,0.15,0.15,0.15,0.15,0,40880,0
FINNIFTY05MAR2423400CE.NFO,2024-03-05,10:05:00,2024-03-05,0.15,0.15,0.15,0.15,3240,42320,0
FINNIFTY05MAR2423400CE.NFO,2024-03-05,10:06:00,2024-03-05,0.15,0.15,0.1,0.15,3920,45720,0
FINNIFTY05MAR2423400CE.NFO,2024-03-05,10:07:00,2024-03-05,0.15,0.15,0.1,0.1,5600,45720,0
FINNIFTY05MAR2423400CE.NFO,2024-03-05,10:08:00,2024-03-05,0.1,0.15,0.1,0.15,960,45720,0
FINNIFTY05MAR2423400CE.NFO,2024-03-05,10:09:00,2024-03-05,0.15,0.15,0.1,0.1,1480,46360,0
FINNIFTY05MAR2423400CE.NFO,2024-03-05,10:10:00,2024-03-05,0.1,0.15,0.1,0.15,4400,46360,0
FINNIFTY05MAR2423400CE.NFO,2024-03-05,10:11:00,2024-03-05,0.15,0.15,0.15,0.15,520,46360,0
FINNIFTY05MAR2423400CE.NFO,2024-03-05,10:12:00,2024-03-05,0.15,0.15,0.1,0.1,960,46360,0
FINNIFTY05MAR2423400CE.NFO,2024-03-05,10:13:00,2024-03-05,0.1,0.1,0.1,0.1,0,46360,0
FINNIFTY05MAR2423400CE.NFO,2024-03-05,10:14:00,2024-03-05,0.1,0.1,0.1,0.1,0,46360,0
FINNIFTY05MAR2423400CE.NFO,2024-03-05,10:15:00,2024-03-05,0.1,0.1,0.1,0.1,160,47520,0
FINNIFTY05MAR2423400CE.NFO,2024-03-05,10:16:00,2024-03-05,0.1,0.15,0.1,0.15,560,47520,0
FINNIFTY05MAR2423400CE.NFO,2024-03-05,10:17:00,2024-03-05,0.15,0.2,0.1,0.15,2080,47520,0
FINNIFTY05MAR2423400CE.NFO,2024-03-05,10:18:00,2024-03-05,0.2,0.2,0.15,0.15,1440,46840,0
FINNIFTY05MAR2423400CE.NFO,2024-03-05,10:19:00,2024-03-05,0.15,0.2,0.1,0.1,2680,46840,0
FINNIFTY05MAR2423400CE.NFO,2024-03-05,10:20:00,2024-03-05,0.1,0.1,0.1,0.1,760,46840,0
FINNIFTY05MAR2423400CE.NFO,2024-03-05,10:21:00,2024-03-05,0.15,0.2,0.1,0.1,5200,46840,0
FINNIFTY05MAR2423400CE.NFO,2024-03-05,10:22:00,2024-03-05,0.15,0.15,0.15,0.15,40,49040,0
FINNIFTY05MAR2423400CE.NFO,2024-03-05,10:23:00,2024-03-05,0.15,0.15,0.15,0.15,0,49040,0
FINNIFTY05MAR2423400CE.NFO,2024-03-05,10:24:00,2024-03-05,0.15,0.15,0.15,0.15,0,49040,0
FINNIFTY05MAR2423400CE.NFO,2024-03-05,10:25:00,2024-03-05,0.15,0.15,0.15,0.15,0,49040,0
FINNIFTY05MAR2423400CE.NFO,2024-03-05,10:26:00,2024-03-05,0.15,0.15,0.15,0.15,1440,49080,0
FINNIFTY05MAR2423400CE.NFO,2024-03-05,10:27:00,2024-03-05,0.15,0.15,0.15,0.15,0,49080,0
FINNIFTY05MAR2423400CE.NFO,2024-03-05,10:28:00,2024-03-05,0.15,0.15,0.15,0.15,0,49080,0
FINNIFTY05MAR2423400CE.NFO,2024-03-05,10:29:00,2024-03-05,0.15,0.15,0.15,0.15,0,49080,0
FINNIFTY05MAR2423400CE.NFO,2024-03-05,10:30:00,2024-03-05,0.15,0.15,0.15,0.15,0,49080,0
FINNIFTY05MAR2423400CE.NFO,2024-03-05,10:31:00,2024-03-05,0.15,0.15,0.15,0.15,0,49080,0
FINNIFTY05MAR2423400CE.NFO,2024-03-05,10:32:00,2024-03-05,0.15,0.2,0.15,0.2,40,50040,0
FINNIFTY05MAR2423400CE.NFO,2024-03-05,10:33:00,2024-03-05,0.2,0.2,0.2,0.2,0,50040,0
FINNIFTY05MAR2423400CE.NFO,2024-03-05,10:34:00,2024-03-05,0.2,0.2,0.15,0.2,80,50080,0
FINNIFTY05MAR2423400CE.NFO,2024-03-05,10:35:00,2024-03-05,0.2,0.2,0.1,0.1,2360,50080,0
FINNIFTY05MAR2423400CE.NFO,2024-03-05,10:36:00,2024-03-05,0.1,0.15,0.1,0.1,720,50240,0
FINNIFTY05MAR2423400CE.NFO,2024-03-05,10:37:00,2024-03-05,0.1,0.15,0.1,0.1,3960,50240,0
FINNIFTY05MAR2423400CE.NFO,2024-03-05,10:38:00,2024-03-05,0.1,0.1,0.1,0.1,0,50240,0
FINNIFTY05MAR2423400CE.NFO,2024-03-05,10:39:00,2024-03-05,0.1,0.15,0.1,0.15,640,50240,0
FINNIFTY05MAR2423400CE.NFO,2024-03-05,10:40:00,2024-03-05,0.15,0.15,0.15,0.15,0,50240,0
FINNIFTY05MAR2423400CE.NFO,2024-03-05,10:41:00,2024-03-05,0.15,0.15,0.1,0.1,120,51080,0
FINNIFTY05MAR2423400CE.NFO,2024-03-05,10:42:00,2024-03-05,0.1,0.1,0.1,0.1,0,51080,0
FINNIFTY05MAR2423400CE.NFO,2024-03-05,10:43:00,2024-03-05,0.1,0.1,0.1,0.1,0,51080,0
FINNIFTY05MAR2423400CE.NFO,2024-03-05,10:44:00,2024-03-05,0.1,0.1,0.1,0.1,0,51080,0
FINNIFTY05MAR2423400CE.NFO,2024-03-05,10:45:00,2024-03-05,0.1,0.15,0.1,0.15,40,51160,0
FINNIFTY05MAR2423400CE.NFO,2024-03-05,10:46:00,2024-03-05,0.15,0.15,0.15,0.15,120,51160,0
FINNIFTY05MAR2423400CE.NFO,2024-03-05,10:47:00,2024-03-05,0.15,0.15,0.15,0.15,0,51160,0
FINNIFTY05MAR2423400CE.NFO,2024-03-05,10:48:00,2024-03-05,0.15,0.15,0.15,0.15,0,51160,0
FINNIFTY05MAR2423400CE.NFO,2024-03-05,10:49:00,2024-03-05,0.15,0.15,0.15,0.15,0,51160,0
FINNIFTY05MAR2423400CE.NFO,2024-03-05,10:50:00,2024-03-05,0.15,0.15,0.15,0.15,0,51160,0
FINNIFTY05MAR2423400CE.NFO,2024-03-05,10:51:00,2024-03-05,0.15,0.15,0.15,0.15,0,51160,0
FINNIFTY05MAR2423400CE.NFO,2024-03-05,10:52:00,2024-03-05,0.15,0.15,0.15,0.15,1000,51240,0
FINNIFTY05MAR2423400CE.NFO,2024-03-05,10:53:00,2024-03-05,0.15,0.15,0.15,0.15,0,51240,0
FINNIFTY05MAR2423400CE.NFO,2024-03-05,10:54:00,2024-03-05,0.15,0.15,0.15,0.15,0,51240,0
FINNIFTY05MAR2423400CE.NFO,2024-03-05,10:55:00,2024-03-05,0.15,0.15,0.1,0.1,40,51240,0
FINNIFTY05MAR2423400CE.NFO,2024-03-05,10:56:00,2024-03-05,0.1,0.15,0.1,0.15,1080,51240,0
FINNIFTY05MAR2423400CE.NFO,2024-03-05,10:57:00,2024-03-05,0.15,0.15,0.15,0.15,2120,51240,0
FINNIFTY05MAR2423400CE.NFO,2024-03-05,10:58:00,2024-03-05,0.15,0.15,0.15,0.15,480,52000,0
FINNIFTY05MAR2423400CE.NFO,2024-03-05,10:59:00,2024-03-05,0.15,0.15,0.15,0.15,1440,52000,0
FINNIFTY05MAR2423400CE.NFO,2024-03-05,11:00:00,2024-03-05,0.15,0.15,0.15,0.15,680,52920,0
FINNIFTY05MAR2423400CE.NFO,2024-03-05,11:01:00,2024-03-05,0.15,0.15,0.15,0.15,720,52920,0
FINNIFTY05MAR2423400CE.NFO,2024-03-05,11:02:00,2024-03-05,0.15,0.15,0.15,0.15,480,52920,0
FINNIFTY05MAR2423400CE.NFO,2024-03-05,11:03:00,2024-03-05,0.15,0.15,0.1,0.1,4080,53840,0
FINNIFTY05MAR2423400CE.NFO,2024-03-05,11:04:00,2024-03-05,0.1,0.1,0.1,0.1,3880,53840,0
FINNIFTY05MAR2423400CE.NFO,2024-03-05,11:05:00,2024-03-05,0.1,0.1,0.1,0.1,760,53840,0
FINNIFTY05MAR2423400CE.NFO,2024-03-05,11:06:00,2024-03-05,0.1,0.1,0.1,0.1,1800,53840,0
FINNIFTY05MAR2423400CE.NFO,2024-03-05,11:07:00,2024-03-05,0.1,0.1,0.1,0.1,0,53840,0
FINNIFTY05MAR2423400CE.NFO,2024-03-05,11:08:00,2024-03-05,0.1,0.1,0.1,0.1,0,53840,0
FINNIFTY05MAR2423400CE.NFO,2024-03-05,11:09:00,2024-03-05,0.1,0.1,0.1,0.1,0,53840,0
FINNIFTY05MAR2423400CE.NFO,2024-03-05,11:10:00,2024-03-05,0.1,0.1,0.1,0.1,0,53840,0
FINNIFTY05MAR2423400CE.NFO,2024-03-05,11:11:00,2024-03-05,0.1,0.1,0.1,0.1,0,53840,0
FINNIFTY05MAR2423400CE.NFO,2024-03-05,11:12:00,2024-03-05,0.1,0.1,0.1,0.1,0,53840,0
FINNIFTY05MAR2423400CE.NFO,2024-03-05,11:13:00,2024-03-05,0.1,0.1,0.1,0.1,0,53840,0
FINNIFTY05MAR2423400CE.NFO,2024-03-05,11:14:00,2024-03-05,0.1,0.1,0.1,0.1,560,55640,0
FINNIFTY05MAR2423400CE.NFO,2024-03-05,11:15:00,2024-03-05,0.1,0.1,0.1,0.1,0,55640,0
FINNIFTY05MAR2423400CE.NFO,2024-03-05,11:16:00,2024-03-05,0.1,0.1,0.1,0.1,0,55640,0
FINNIFTY05MAR2423400CE.NFO,2024-03-05,11:17:00,2024-03-05,0.1,0.15,0.1,0.15,40,55640,0
FINNIFTY05MAR2423400CE.NFO,2024-03-05,11:18:00,2024-03-05,0.15,0.15,0.15,0.15,0,55640,0
FINNIFTY05MAR2423400CE.NFO,2024-03-05,11:19:00,2024-03-05,0.1,0.1,0.1,0.1,40,55680,0
FINNIFTY05MAR2423400CE.NFO,2024-03-05,11:20:00,2024-03-05,0.1,0.15,0.1,0.15,1800,55680,0
FINNIFTY05MAR2423400CE.NFO,2024-03-05,11:21:00,2024-03-05,0.15,0.15,0.15,0.15,0,55680,0
FINNIFTY05MAR2423400CE.NFO,2024-03-05,11:22:00,2024-03-05,0.15,0.15,0.15,0.15,0,55680,0
FINNIFTY05MAR2423400CE.NFO,2024-03-05,11:23:00,2024-03-05,0.15,0.15,0.15,0.15,0,55680,0
FINNIFTY05MAR2423400CE.NFO,2024-03-05,11:24:00,2024-03-05,0.15,0.15,0.15,0.15,120,57480,0
FINNIFTY05MAR2423400CE.NFO,2024-03-05,11:25:00,2024-03-05,0.15,0.15,0.15,0.15,240,57600,0
FINNIFTY05MAR2423400CE.NFO,2024-03-05,11:26:00,2024-03-05,0.15,0.15,0.15,0.15,6680,57600,0
FINNIFTY05MAR2423400CE.NFO,2024-03-05,11:27:00,2024-03-05,0.15,0.15,0.15,0.15,400,57600,0
FINNIFTY05MAR2423400CE.NFO,2024-03-05,11:28:00,2024-03-05,0.1,0.1,0.1,0.1,1920,58040,0
FINNIFTY05MAR2423400CE.NFO,2024-03-05,11:29:00,2024-03-05,0.1,0.1,0.1,0.1,1600,58040,0
FINNIFTY05MAR2423400CE.NFO,2024-03-05,11:30:00,2024-03-05,0.1,0.1,0.1,0.1,1320,58040,0
FINNIFTY05MAR2423400CE.NFO,2024-03-05,11:31:00,2024-03-05,0.1,0.1,0.1,0.1,0,58040,0
FINNIFTY05MAR2423400CE.NFO,2024-03-05,11:32:00,2024-03-05,0.15,0.15,0.15,0.15,40,58040,0
FINNIFTY05MAR2423400CE.NFO,2024-03-05,11:33:00,2024-03-05,0.15,0.15,0.15,0.15,0,58040,0
FINNIFTY05MAR2423400CE.NFO,2024-03-05,11:34:00,2024-03-05,0.15,0.15,0.15,0.15,0,58040,0
FINNIFTY05MAR2423400CE.NFO,2024-03-05,11:35:00,2024-03-05,0.15,0.15,0.15,0.15,0,58040,1
FINNIFTY05MAR2423400CE.NFO,2024-03-05,11:36:00,2024-03-05,0.15,0.15,0.15,0.15,0,58040,0
FINNIFTY05MAR2423400CE.NFO,2024-03-05,11:37:00,2024-03-05,0.15,0.15,0.15,0.15,200,58040,0
FINNIFTY05MAR2423400CE.NFO,2024-03-05,11:38:00,2024-03-05,0.15,0.15,0.15,0.15,0,58040,0
FINNIFTY05MAR2423400CE.NFO,2024-03-05,11:39:00,2024-03-05,0.15,0.15,0.1,0.1,240,58040,0
FINNIFTY05MAR2423400CE.NFO,2024-03-05,11:40:00,2024-03-05,0.1,0.1,0.1,0.1,200,58040,0
FINNIFTY05MAR2423400CE.NFO,2024-03-05,11:41:00,2024-03-05,0.1,0.1,0.1,0.1,16840,58040,0
FINNIFTY05MAR2423400CE.NFO,2024-03-05,11:42:00,2024-03-05,0.05,0.1,0.05,0.1,7560,58040,0
FINNIFTY05MAR2423400CE.NFO,2024-03-05,11:43:00,2024-03-05,0.1,0.1,0.1,0.1,0,58040,0
FINNIFTY05MAR2423400CE.NFO,2024-03-05,11:44:00,2024-03-05,0.1,0.1,0.1,0.1,0,58040,0
FINNIFTY05MAR2423400CE.NFO,2024-03-05,11:45:00,2024-03-05,0.1,0.1,0.1,0.1,0,58040,0
FINNIFTY05MAR2423400CE.NFO,2024-03-05,11:46:00,2024-03-05,0.1,0.1,0.1,0.1,0,58040,0
FINNIFTY05MAR2423400CE.NFO,2024-03-05,11:47:00,2024-03-05,0.1,0.1,0.1,0.1,0,58040,0
FINNIFTY05MAR2423400CE.NFO,2024-03-05,11:48:00,2024-03-05,0.1,0.1,0.1,0.1,0,58040,0
FINNIFTY05MAR2423400CE.NFO,2024-03-05,11:49:00,2024-03-05,0.1,0.15,0.1,0.15,40,55080,0
FINNIFTY05MAR2423400CE.NFO,2024-03-05,11:50:00,2024-03-05,0.15,0.15,0.15,0.15,0,55080,0
FINNIFTY05MAR2423400CE.NFO,2024-03-05,11:51:00,2024-03-05,0.15,0.15,0.15,0.15,0,55080,0
FINNIFTY05MAR2423400CE.NFO,2024-03-05,11:52:00,2024-03-05,0.15,0.15,0.1,0.1,2160,55080,0
FINNIFTY05MAR2423400CE.NFO,2024-03-05,11:53:00,2024-03-05,0.1,0.1,0.1,0.1,0,55080,0
FINNIFTY05MAR2423400CE.NFO,2024-03-05,11:54:00,2024-03-05,0.1,0.1,0.1,0.1,0,55080,0
FINNIFTY05MAR2423400CE.NFO,2024-03-05,11:55:00,2024-03-05,0.1,0.1,0.1,0.1,0,55080,0
FINNIFTY05MAR2423400CE.NFO,2024-03-05,11:56:00,2024-03-05,0.1,0.1,0.1,0.1,0,55080,0
FINNIFTY05MAR2423400CE.NFO,2024-03-05,11:57:00,2024-03-05,0.1,0.1,0.1,0.1,0,55080,0
FINNIFTY05MAR2423400CE.NFO,2024-03-05,11:58:00,2024-03-05,0.1,0.1,0.1,0.1,0,55080,0
FINNIFTY05MAR2423400CE.NFO,2024-03-05,11:59:00,2024-03-05,0.1,0.1,0.1,0.1,0,55080,0
FINNIFTY05MAR2423400CE.NFO,2024-03-05,12:00:00,2024-03-05,0.1,0.1,0.1,0.1,0,55080,1
FINNIFTY05MAR2423400CE.NFO,2024-03-05,12:01:00,2024-03-05,0.1,0.15,0.1,0.15,720,55440,0
FINNIFTY05MAR2423400CE.NFO,2024-03-05,12:02:00,2024-03-05,0.15,0.15,0.15,0.15,0,55440,0
FINNIFTY05MAR2423400CE.NFO,2024-03-05,12:03:00,2024-03-05,0.15,0.15,0.15,0.15,0,55440,0
FINNIFTY05MAR2423400CE.NFO,2024-03-05,12:04:00,2024-03-05,0.15,0.15,0.15,0.15,0,55440,0
FINNIFTY05MAR2423400CE.NFO,2024-03-05,12:05:00,2024-03-05,0.15,0.15,0.15,0.15,0,55440,0
FINNIFTY05MAR2423400CE.NFO,2024-03-05,12:06:00,2024-03-05,0.15,0.15,0.15,0.15,0,55440,0
FINNIFTY05MAR2423400CE.NFO,2024-03-05,12:07:00,2024-03-05,0.15,0.15,0.15,0.15,0,55440,0
FINNIFTY05MAR2423400CE.NFO,2024-03-05,12:08:00,2024-03-05,0.15,0.15,0.15,0.15,0,55440,0
FINNIFTY05MAR2423400CE.NFO,2024-03-05,12:09:00,2024-03-05,0.15,0.15,0.15,0.15,0,55440,0
FINNIFTY05MAR2423400CE.NFO,2024-03-05,12:10:00,2024-03-05,0.15,0.15,0.15,0.15,0,55440,0
FINNIFTY05MAR2423400CE.NFO,2024-03-05,12:11:00,2024-03-05,0.15,0.15,0.15,0.15,160,55760,0
FINNIFTY05MAR2423400CE.NFO,2024-03-05,12:12:00,2024-03-05,0.15,0.15,0.15,0.15,0,55760,0
FINNIFTY05MAR2423400CE.NFO,2024-03-05,12:13:00,2024-03-05,0.15,0.15,0.15,0.15,0,55760,0
FINNIFTY05MAR2423400CE.NFO,2024-03-05,12:14:00,2024-03-05,0.15,0.15,0.15,0.15,0,55760,0
FINNIFTY05MAR2423400CE.NFO,2024-03-05,12:15:00,2024-03-05,0.15,0.15,0.15,0.15,0,55760,0
FINNIFTY05MAR2423400CE.NFO,2024-03-05,12:16:00,2024-03-05,0.15,0.15,0.15,0.15,0,55760,0
FINNIFTY05MAR2423400CE.NFO,2024-03-05,12:17:00,2024-03-05,0.15,0.15,0.15,0.15,0,55760,0
FINNIFTY05MAR2423400CE.NFO,2024-03-05,12:18:00,2024-03-05,0.15,0.15,0.15,0.15,0,55760,0
FINNIFTY05MAR2423400CE.NFO,2024-03-05,12:19:00,2024-03-05,0.15,0.15,0.15,0.15,0,55760,0
FINNIFTY05MAR2423400CE.NFO,2024-03-05,12:20:00,2024-03-05,0.15,0.15,0.15,0.15,440,55760,0
FINNIFTY05MAR2423400CE.NFO,2024-03-05,12:21:00,2024-03-05,0.15,0.15,0.15,0.15,0,55760,0
FINNIFTY05MAR2423400CE.NFO,2024-03-05,12:22:00,2024-03-05,0.15,0.15,0.15,0.15,0,55760,0
FINNIFTY05MAR2423400CE.NFO,2024-03-05,12:23:00,2024-03-05,0.15,0.15,0.15,0.15,0,55760,0
FINNIFTY05MAR2423400CE.NFO,2024-03-05,12:24:00,2024-03-05,0.15,0.15,0.15,0.15,0,55760,0
FINNIFTY05MAR2423400CE.NFO,2024-03-05,12:25:00,2024-03-05,0.15,0.15,0.15,0.15,0,55760,0
FINNIFTY05MAR2423400CE.NFO,2024-03-05,12:26:00,2024-03-05,0.15,0.15,0.15,0.15,0,55760,0
FINNIFTY05MAR2423400CE.NFO,2024-03-05,12:27:00,2024-03-05,0.15,0.15,0.15,0.15,280,55760,0
FINNIFTY05MAR2423400CE.NFO,2024-03-05,12:28:00,2024-03-05,0.15,0.15,0.15,0.15,0,55760,0
FINNIFTY05MAR2423400CE.NFO,2024-03-05,12:29:00,2024-03-05,0.15,0.15,0.15,0.15,0,55760,0
FINNIFTY05MAR2423400CE.NFO,2024-03-05,12:30:00,2024-03-05,0.15,0.15,0.15,0.15,0,55760,0
FINNIFTY05MAR2423400CE.NFO,2024-03-05,12:31:00,2024-03-05,0.15,0.15,0.1,0.1,7760,55760,0
FINNIFTY05MAR2423400CE.NFO,2024-03-05,12:32:00,2024-03-05,0.1,0.1,0.1,0.1,0,55760,0
FINNIFTY05MAR2423400CE.NFO,2024-03-05,12:33:00,2024-03-05,0.1,0.1,0.1,0.1,80,55760,0
FINNIFTY05MAR2423400CE.NFO,2024-03-05,12:34:00,2024-03-05,0.1,0.1,0.05,0.05,80,48000,0
FINNIFTY05MAR2423400CE.NFO,2024-03-05,12:35:00,2024-03-05,0.05,0.05,0.05,0.05,0,48000,0
FINNIFTY05MAR2423400CE.NFO,2024-03-05,12:36:00,2024-03-05,0.05,0.05,0.05,0.05,0,48000,0
FINNIFTY05MAR2423400CE.NFO,2024-03-05,12:37:00,2024-03-05,0.05,0.05,0.05,0.05,0,48000,1
FINNIFTY05MAR2423400CE.NFO,2024-03-05,12:38:00,2024-03-05,0.05,0.05,0.05,0.05,0,48000,0
FINNIFTY05MAR2423400CE.NFO,2024-03-05,12:39:00,2024-03-05,0.05,0.1,0.05,0.1,80,48000,0
FINNIFTY05MAR2423400CE.NFO,2024-03-05,12:40:00,2024-03-05,0.1,0.1,0.05,0.1,2080,48000,0
FINNIFTY05MAR2423400CE.NFO,2024-03-05,12:41:00,2024-03-05,0.1,0.1,0.1,0.1,0,48000,0
FINNIFTY05MAR2423400CE.NFO,2024-03-05,12:42:00,2024-03-05,0.1,0.1,0.1,0.1,440,48000,0
FINNIFTY05MAR2423400CE.NFO,2024-03-05,12:43:00,2024-03-05,0.1,0.1,0.1,0.1,120,48000,0
FINNIFTY05MAR2423400CE.NFO,2024-03-05,12:44:00,2024-03-05,0.1,0.1,0.1,0.1,560,48000,0
FINNIFTY05MAR2423400CE.NFO,2024-03-05,12:45:00,2024-03-05,0.1,0.1,0.1,0.1,440,48000,0
FINNIFTY05MAR2423400CE.NFO,2024-03-05,12:46:00,2024-03-05,0.1,0.1,0.1,0.1,560,48000,0
FINNIFTY05MAR2423400CE.NFO,2024-03-05,12:47:00,2024-03-05,0.1,0.1,0.1,0.1,120,48000,0
FINNIFTY05MAR2423400CE.NFO,2024-03-05,12:48:00,2024-03-05,0.1,0.1,0.1,0.1,2080,48000,0
FINNIFTY05MAR2423400CE.NFO,2024-03-05,12:49:00,2024-03-05,0.1,0.1,0.1,0.1,3160,48000,0
FINNIFTY05MAR2423400CE.NFO,2024-03-05,12:50:00,2024-03-05,0.1,0.1,0.1,0.1,1560,48000,0
FINNIFTY05MAR2423400CE.NFO,2024-03-05,12:51:00,2024-03-05,0.1,0.1,0.1,0.1,3080,48000,0
FINNIFTY05MAR2423400CE.NFO,2024-03-05,12:52:00,2024-03-05,0.1,0.1,0.05,0.05,560,46160,0
FINNIFTY05MAR2423400CE.NFO,2024-03-05,12:53:00,2024-03-05,0.05,0.1,0.05,0.1,9200,46160,0
FINNIFTY05MAR2423400CE.NFO,2024-03-05,12:54:00,2024-03-05,0.1,0.1,0.1,0.1,2560,46160,0
FINNIFTY05MAR2423400CE.NFO,2024-03-05,12:55:00,2024-03-05,0.1,0.1,0.1,0.1,1320,42960,0
FINNIFTY05MAR2423400CE.NFO,2024-03-05,12:56:00,2024-03-05,0.1,0.1,0.1,0.1,0,42960,0
FINNIFTY05MAR2423400CE.NFO,2024-03-05,12:57:00,2024-03-05,0.1,0.1,0.1,0.1,0,42960,0
FINNIFTY05MAR2423400CE.NFO,2024-03-05,12:58:00,2024-03-05,0.1,0.1,0.1,0.1,0,42960,0
FINNIFTY05MAR2423400CE.NFO,2024-03-05,12:59:00,2024-03-05,0.1,0.1,0.1,0.1,0,42960,0
FINNIFTY05MAR2423400CE.NFO,2024-03-05,13:00:00,2024-03-05,0.1,0.1,0.1,0.1,1320,43760,0
FINNIFTY05MAR2423400CE.NFO,2024-03-05,13:01:00,2024-03-05,0.1,0.1,0.1,0.1,1000,43600,0
FINNIFTY05MAR2423400CE.NFO,2024-03-05,13:02:00,2024-03-05,0.1,0.1,0.1,0.1,0,43600,0
FINNIFTY05MAR2423400CE.NFO,2024-03-05,13:03:00,2024-03-05,0.1,0.1,0.1,0.1,600,43600,0
FINNIFTY05MAR2423400CE.NFO,2024-03-05,13:04:00,2024-03-05,0.1,0.1,0.05,0.1,2560,44200,0
FINNIFTY05MAR2423400CE.NFO,2024-03-05,13:05:00,2024-03-05,0.1,0.1,0.1,0.1,0,44200,0
FINNIFTY05MAR2423400CE.NFO,2024-03-05,13:06:00,2024-03-05,0.1,0.1,0.1,0.1,40,44200,0
FINNIFTY05MAR2423400CE.NFO,2024-03-05,13:07:00,2024-03-05,0.1,0.1,0.1,0.1,200,45600,0
FINNIFTY05MAR2423400CE.NFO,2024-03-05,13:08:00,2024-03-05,0.1,0.1,0.05,0.1,4800,45600,0
FINNIFTY05MAR2423400CE.NFO,2024-03-05,13:09:00,2024-03-05,0.1,0.1,0.1,0.1,600,45600,0
FINNIFTY05MAR2423400CE.NFO,2024-03-05,13:10:00,2024-03-05,0.1,0.1,0.1,0.1,4360,47320,0
FINNIFTY05MAR2423400CE.NFO,2024-03-05,13:11:00,2024-03-05,0.15,0.15,0.15,0.15,40,47320,0
FINNIFTY05MAR2423400CE.NFO,2024-03-05,13:12:00,2024-03-05,0.15,0.15,0.15,0.15,0,47320,0
FINNIFTY05MAR2423400CE.NFO,2024-03-05,13:13:00,2024-03-05,0.15,0.15,0.05,0.1,5000,49160,0
FINNIFTY05MAR2423400CE.NFO,2024-03-05,13:14:00,2024-03-05,0.1,0.1,0.1,0.1,2800,49160,0
FINNIFTY05MAR2423400CE.NFO,2024-03-05,13:15:00,2024-03-05,0.1,0.1,0.1,0.1,1360,49160,0
FINNIFTY05MAR2423400CE.NFO,2024-03-05,13:16:00,2024-03-05,0.1,0.1,0.1,0.1,5280,50720,0
FINNIFTY05MAR2423400CE.NFO,2024-03-05,13:17:00,2024-03-05,0.1,0.15,0.1,0.15,3240,50720,0
FINNIFTY05MAR2423400CE.NFO,2024-03-05,13:18:00,2024-03-05,0.15,0.15,0.1,0.15,1520,50720,0
FINNIFTY05MAR2423400CE.NFO,2024-03-05,13:19:00,2024-03-05,0.1,0.15,0.1,0.15,1240,51680,0
FINNIFTY05MAR2423400CE.NFO,2024-03-05,13:20:00,2024-03-05,0.15,0.15,0.1,0.1,200,51680,0
FINNIFTY05MAR2423400CE.NFO,2024-03-05,13:21:00,2024-03-05,0.1,0.1,0.1,0.1,120,51680,0
FINNIFTY05MAR2423400CE.NFO,2024-03-05,13:22:00,2024-03-05,0.1,0.1,0.1,0.1,120,52000,0
FINNIFTY05MAR2423400CE.NFO,2024-03-05,13:23:00,2024-03-05,0.1,0.1,0.05,0.05,1800,52000,0
FINNIFTY05MAR2423400CE.NFO,2024-03-05,13:24:00,2024-03-05,0.05,0.05,0.05,0.05,0,52000,0
FINNIFTY05MAR2423400CE.NFO,2024-03-05,13:25:00,2024-03-05,0.05,0.1,0.05,0.1,160,53200,0
FINNIFTY05MAR2423400CE.NFO,2024-03-05,13:26:00,2024-03-05,0.1,0.1,0.05,0.1,1360,53200,0
FINNIFTY05MAR2423400CE.NFO,2024-03-05,13:27:00,2024-03-05,0.1,0.1,0.1,0.1,560,53200,0
FINNIFTY05MAR2423400CE.NFO,2024-03-05,13:28:00,2024-03-05,0.1,0.1,0.05,0.1,280,53520,0
FINNIFTY05MAR2423400CE.NFO,2024-03-05,13:29:00,2024-03-05,0.1,0.1,0.1,0.1,1240,53520,0
FINNIFTY05MAR2423400CE.NFO,2024-03-05,13:30:00,2024-03-05,0.1,0.1,0.1,0.1,240,53520,0
FINNIFTY05MAR2423400CE.NFO,2024-03-05,13:31:00,2024-03-05,0.1,0.1,0.1,0.1,0,53520,0
FINNIFTY05MAR2423400CE.NFO,2024-03-05,13:32:00,2024-03-05,0.1,0.1,0.1,0.1,520,53560,0
FINNIFTY05MAR2423400CE.NFO,2024-03-05,13:33:00,2024-03-05,0.1,0.1,0.1,0.1,840,53560,0
FINNIFTY05MAR2423400CE.NFO,2024-03-05,13:34:00,2024-03-05,0.1,0.1,0.1,0.1,1000,53040,0
FINNIFTY05MAR2423400CE.NFO,2024-03-05,13:35:00,2024-03-05,0.15,0.15,0.05,0.05,1920,53040,0
FINNIFTY05MAR2423400CE.NFO,2024-03-05,13:36:00,2024-03-05,0.05,0.1,0.05,0.1,2720,53040,0
FINNIFTY05MAR2423400CE.NFO,2024-03-05,13:37:00,2024-03-05,0.1,0.1,0.1,0.1,360,53560,0
FINNIFTY05MAR2423400CE.NFO,2024-03-05,13:38:00,2024-03-05,0.1,0.1,0.1,0.1,440,53560,0
FINNIFTY05MAR2423400CE.NFO,2024-03-05,13:39:00,2024-03-05,0.1,0.1,0.1,0.1,0,53560,0
FINNIFTY05MAR2423400CE.NFO,2024-03-05,13:40:00,2024-03-05,0.1,0.1,0.1,0.1,0,53560,0
FINNIFTY05MAR2423400CE.NFO,2024-03-05,13:41:00,2024-03-05,0.1,0.1,0.1,0.1,240,54120,0
FINNIFTY05MAR2423400CE.NFO,2024-03-05,13:42:00,2024-03-05,0.1,0.1,0.1,0.1,120,54120,0
FINNIFTY05MAR2423400CE.NFO,2024-03-05,13:43:00,2024-03-05,0.1,0.1,0.1,0.1,120,54120,0
FINNIFTY05MAR2423400CE.NFO,2024-03-05,13:44:00,2024-03-05,0.1,0.1,0.1,0.1,120,54120,0
FINNIFTY05MAR2423400CE.NFO,2024-03-05,13:45:00,2024-03-05,0.1,0.1,0.05,0.1,5000,54120,0
FINNIFTY05MAR2423400CE.NFO,2024-03-05,13:46:00,2024-03-05,0.1,0.1,0.1,0.1,3720,54800,0
FINNIFTY05MAR2423400CE.NFO,2024-03-05,13:47:00,2024-03-05,0.1,0.1,0.05,0.05,680,54800,0
FINNIFTY05MAR2423400CE.NFO,2024-03-05,13:48:00,2024-03-05,0.05,0.1,0.05,0.1,680,54800,0
FINNIFTY05MAR2423400CE.NFO,2024-03-05,13:49:00,2024-03-05,0.1,0.1,0.1,0.1,120,56600,0
FINNIFTY05MAR2423400CE.NFO,2024-03-05,13:50:00,2024-03-05,0.1,0.1,0.05,0.05,4960,56600,0
FINNIFTY05MAR2423400CE.NFO,2024-03-05,13:51:00,2024-03-05,0.05,0.1,0.05,0.1,3760,56600,0
FINNIFTY05MAR2423400CE.NFO,2024-03-05,13:52:00,2024-03-05,0.1,0.1,0.05,0.05,2880,56600,0
FINNIFTY05MAR2423400CE.NFO,2024-03-05,13:53:00,2024-03-05,0.05,0.1,0.05,0.1,2840,56600,0
FINNIFTY05MAR2423400CE.NFO,2024-03-05,13:54:00,2024-03-05,0.1,0.1,0.1,0.1,0,56600,0
FINNIFTY05MAR2423400CE.NFO,2024-03-05,13:55:00,2024-03-05,0.1,0.1,0.1,0.1,40,56600,0
FINNIFTY05MAR2423400CE.NFO,2024-03-05,13:56:00,2024-03-05,0.1,0.1,0.1,0.1,40,57040,0
FINNIFTY05MAR2423400CE.NFO,2024-03-05,13:57:00,2024-03-05,0.1,0.1,0.1,0.1,0,57040,0
FINNIFTY05MAR2423400CE.NFO,2024-03-05,13:58:00,2024-03-05,0.1,0.1,0.05,0.05,4240,57080,0
FINNIFTY05MAR2423400CE.NFO,2024-03-05,13:59:00,2024-03-05,0.05,0.1,0.05,0.1,10120,57080,0
FINNIFTY05MAR2423400CE.NFO,2024-03-05,14:00:00,2024-03-05,0.1,0.1,0.1,0.1,4200,57080,0
FINNIFTY05MAR2423400CE.NFO,2024-03-05,14:01:00,2024-03-05,0.1,0.1,0.1,0.1,480,70240,0
FINNIFTY05MAR2423400CE.NFO,2024-03-05,14:02:00,2024-03-05,0.05,0.05,0.05,0.05,2280,70240,0
FINNIFTY05MAR2423400CE.NFO,2024-03-05,14:03:00,2024-03-05,0.05,0.05,0.05,0.05,0,70240,0
FINNIFTY05MAR2423400CE.NFO,2024-03-05,14:04:00,2024-03-05,0.05,0.05,0.05,0.05,0,70240,1
FINNIFTY05MAR2423400CE.NFO,2024-03-05,14:05:00,2024-03-05,0.05,0.1,0.05,0.1,1800,72280,0
FINNIFTY05MAR2423400CE.NFO,2024-03-05,14:06:00,2024-03-05,0.1,0.1,0.05,0.05,1280,72280,0
FINNIFTY05MAR2423400CE.NFO,2024-03-05,14:07:00,2024-03-05,0.05,0.1,0.05,0.05,3120,72280,0
FINNIFTY05MAR2423400CE.NFO,2024-03-05,14:08:00,2024-03-05,0.05,0.1,0.05,0.1,1280,74520,0
FINNIFTY05MAR2423400CE.NFO,2024-03-05,14:09:00,2024-03-05,0.1,0.1,0.05,0.05,1360,74520,0
FINNIFTY05MAR2423400CE.NFO,2024-03-05,14:10:00,2024-03-05,0.05,0.1,0.05,0.1,720,74520,0
FINNIFTY05MAR2423400CE.NFO,2024-03-05,14:11:00,2024-03-05,0.1,0.1,0.05,0.1,3080,74520,0
FINNIFTY05MAR2423400CE.NFO,2024-03-05,14:12:00,2024-03-05,0.1,0.1,0.1,0.1,0,74520,0
FINNIFTY05MAR2423400CE.NFO,2024-03-05,14:13:00,2024-03-05,0.1,0.1,0.1,0.1,0,74520,0
FINNIFTY05MAR2423400CE.NFO,2024-03-05,14:14:00,2024-03-05,0.05,0.05,0.05,0.05,1840,76920,0
FINNIFTY05MAR2423400CE.NFO,2024-03-05,14:15:00,2024-03-05,0.05,0.05,0.05,0.05,0,76920,0
FINNIFTY05MAR2423400CE.NFO,2024-03-05,14:16:00,2024-03-05,0.05,0.05,0.05,0.05,0,76920,0
FINNIFTY05MAR2423400CE.NFO,2024-03-05,14:17:00,2024-03-05,0.05,0.05,0.05,0.05,0,76920,0
FINNIFTY05MAR2423400CE.NFO,2024-03-05,14:18:00,2024-03-05,0.05,0.1,0.05,0.1,1040,76920,0
FINNIFTY05MAR2423400CE.NFO,2024-03-05,14:19:00,2024-03-05,0.1,0.1,0.05,0.05,3200,76920,0
FINNIFTY05MAR2423400CE.NFO,2024-03-05,14:20:00,2024-03-05,0.05,0.05,0.05,0.05,1800,76920,0
FINNIFTY05MAR2423400CE.NFO,2024-03-05,14:21:00,2024-03-05,0.05,0.05,0.05,0.05,1800,76920,0
FINNIFTY05MAR2423400CE.NFO,2024-03-05,14:22:00,2024-03-05,0.05,0.05,0.05,0.05,0,76920,0
FINNIFTY05MAR2423400CE.NFO,2024-03-05,14:23:00,2024-03-05,0.05,0.05,0.05,0.05,440,70800,0
FINNIFTY05MAR2423400CE.NFO,2024-03-05,14:24:00,2024-03-05,0.05,0.05,0.05,0.05,440,70800,1
FINNIFTY05MAR2423400CE.NFO,2024-03-05,14:25:00,2024-03-05,0.05,0.05,0.05,0.05,440,70800,1
FINNIFTY05MAR2423400CE.NFO,2024-03-05,14:26:00,2024-03-05,0.05,0.05,0.05,0.05,440,70800,1
FINNIFTY05MAR2423400CE.NFO,2024-03-05,14:27:00,2024-03-05,0.05,0.05,0.05,0.05,440,70800,1
FINNIFTY05MAR2423400CE.NFO,2024-03-05,14:28:00,2024-03-05,0.05,0.05,0.05,0.05,0,70800,0
FINNIFTY05MAR2423400CE.NFO,2024-03-05,14:29:00,2024-03-05,0.05,0.05,0.05,0.05,0,70800,1
FINNIFTY05MAR2423400CE.NFO,2024-03-05,14:30:00,2024-03-05,0.05,0.05,0.05,0.05,0,70800,0
FINNIFTY05MAR2423400CE.NFO,2024-03-05,14:31:00,2024-03-05,0.05,0.05,0.05,0.05,0,70800,1
FINNIFTY05MAR2423400CE.NFO,2024-03-05,14:32:00,2024-03-05,0.05,0.05,0.05,0.05,0,70800,1
FINNIFTY05MAR2423400CE.NFO,2024-03-05,14:33:00,2024-03-05,0.05,0.05,0.05,0.05,0,70800,1
FINNIFTY05MAR2423400CE.NFO,2024-03-05,14:34:00,2024-03-05,0.05,0.05,0.05,0.05,0,70800,1
FINNIFTY05MAR2423400CE.NFO,2024-03-05,14:35:00,2024-03-05,0.05,0.05,0.05,0.05,600,70800,0
FINNIFTY05MAR2423400CE.NFO,2024-03-05,14:36:00,2024-03-05,0.05,0.05,0.05,0.05,40,70800,0
FINNIFTY05MAR2423400CE.NFO,2024-03-05,14:37:00,2024-03-05,0.05,0.05,0.05,0.05,0,70800,0
FINNIFTY05MAR2423400CE.NFO,2024-03-05,14:38:00,2024-03-05,0.05,0.05,0.05,0.05,600,70200,0
FINNIFTY05MAR2423400CE.NFO,2024-03-05,14:39:00,2024-03-05,0.05,0.05,0.05,0.05,600,70200,1
FINNIFTY05MAR2423400CE.NFO,2024-03-05,14:40:00,2024-03-05,0.05,0.05,0.05,0.05,600,70200,1
FINNIFTY05MAR2423400CE.NFO,2024-03-05,14:41:00,2024-03-05,0.05,0.05,0.05,0.05,600,70200,1
FINNIFTY05MAR2423400CE.NFO,2024-03-05,14:42:00,2024-03-05,0.05,0.05,0.05,0.05,0,70200,0
FINNIFTY05MAR2423400CE.NFO,2024-03-05,14:43:00,2024-03-05,0.05,0.05,0.05,0.05,0,70200,1
FINNIFTY05MAR2423400CE.NFO,2024-03-05,14:44:00,2024-03-05,0.05,0.05,0.05,0.05,0,70200,1
FINNIFTY05MAR2423400CE.NFO,2024-03-05,14:45:00,2024-03-05,0.05,0.05,0.05,0.05,0,70200,0
FINNIFTY05MAR2423400CE.NFO,2024-03-05,14:46:00,2024-03-05,0.05,0.05,0.05,0.05,0,70200,1
FINNIFTY05MAR2423400CE.NFO,2024-03-05,14:47:00,2024-03-05,0.05,0.05,0.05,0.05,40,70400,0
FINNIFTY05MAR2423400CE.NFO,2024-03-05,14:48:00,2024-03-05,0.05,0.05,0.05,0.05,40,70400,1
FINNIFTY05MAR2423400CE.NFO,2024-03-05,14:49:00,2024-03-05,0.05,0.05,0.05,0.05,40,70400,1
FINNIFTY05MAR2423400CE.NFO,2024-03-05,14:50:00,2024-03-05,0.05,0.05,0.05,0.05,0,70400,0
FINNIFTY05MAR2423400CE.NFO,2024-03-05,14:51:00,2024-03-05,0.05,0.05,0.05,0.05,0,70400,1
FINNIFTY05MAR2423400CE.NFO,2024-03-05,14:52:00,2024-03-05,0.05,0.05,0.05,0.05,0,70400,1
FINNIFTY05MAR2423400CE.NFO,2024-03-05,14:53:00,2024-03-05,0.05,0.05,0.05,0.05,0,70400,0
FINNIFTY05MAR2423400CE.NFO,2024-03-05,14:54:00,2024-03-05,0.05,0.05,0.05,0.05,0,70400,0
FINNIFTY05MAR2423400CE.NFO,2024-03-05,14:55:00,2024-03-05,0.05,0.05,0.05,0.05,0,70400,0
FINNIFTY05MAR2423400CE.NFO,2024-03-05,14:56:00,2024-03-05,0.05,0.05,0.05,0.05,0,70400,1
FINNIFTY05MAR2423400CE.NFO,2024-03-05,14:57:00,2024-03-05,0.05,0.05,0.05,0.05,0,70400,1
FINNIFTY05MAR2423400CE.NFO,2024-03-05,14:58:00,2024-03-05,0.05,0.05,0.05,0.05,0,70400,1
FINNIFTY05MAR2423400CE.NFO,2024-03-05,14:59:00,2024-03-05,0.05,0.05,0.05,0.05,0,70400,1
FINNIFTY05MAR2423400CE.NFO,2024-03-05,15:00:00,2024-03-05,0.05,0.05,0.05,0.05,0,70400,0
FINNIFTY05MAR2423400CE.NFO,2024-03-05,15:01:00,2024-03-05,0.05,0.05,0.05,0.05,240,70440,0
FINNIFTY05MAR2423400CE.NFO,2024-03-05,15:02:00,2024-03-05,0.05,0.05,0.05,0.05,240,70440,1
FINNIFTY05MAR2423400CE.NFO,2024-03-05,15:03:00,2024-03-05,0.05,0.05,0.05,0.05,240,70440,1
FINNIFTY05MAR2423400CE.NFO,2024-03-05,15:04:00,2024-03-05,0.05,0.05,0.05,0.05,240,70440,1
FINNIFTY05MAR2423400CE.NFO,2024-03-05,15:05:00,2024-03-05,0.05,0.05,0.05,0.05,40,70440,0
FINNIFTY05MAR2423400CE.NFO,2024-03-05,15:06:00,2024-03-05,0.05,0.05,0.05,0.05,0,70440,0
FINNIFTY05MAR2423400CE.NFO,2024-03-05,15:07:00,2024-03-05,0.05,0.05,0.05,0.05,0,70440,1
FINNIFTY05MAR2423400CE.NFO,2024-03-05,15:08:00,2024-03-05,0.05,0.05,0.05,0.05,960,70480,0
FINNIFTY05MAR2423400CE.NFO,2024-03-05,15:09:00,2024-03-05,0.05,0.05,0.05,0.05,0,70480,0
FINNIFTY05MAR2423400CE.NFO,2024-03-05,15:10:00,2024-03-05,0.05,0.05,0.05,0.05,0,70480,0
FINNIFTY05MAR2423400CE.NFO,2024-03-05,15:11:00,2024-03-05,0.05,0.05,0.05,0.05,0,70480,1
FINNIFTY05MAR2423400CE.NFO,2024-03-05,15:12:00,2024-03-05,0.05,0.05,0.05,0.05,1680,70960,0
FINNIFTY05MAR2423400CE.NFO,2024-03-05,15:13:00,2024-03-05,0.05,0.05,0.05,0.05,0,70960,0
FINNIFTY05MAR2423400CE.NFO,2024-03-05,15:14:00,2024-03-05,0.05,0.05,0.05,0.05,0,70960,1
FINNIFTY05MAR2423400CE.NFO,2024-03-05,15:15:00,2024-03-05,0.05,0.05,0.05,0.05,0,70960,1
FINNIFTY05MAR2423400CE.NFO,2024-03-05,15:16:00,2024-03-05,0.05,0.05,0.05,0.05,0,70960,0
FINNIFTY05MAR2423400CE.NFO,2024-03-05,15:17:00,2024-03-05,0.05,0.05,0.05,0.05,0,70960,0
FINNIFTY05MAR2423400CE.NFO,2024-03-05,15:18:00,2024-03-05,0.05,0.05,0.05,0.05,0,70960,0
FINNIFTY05MAR2423400CE.NFO,2024-03-05,15:19:00,2024-03-05,0.05,0.05,0.05,0.05,0,70960,0
FINNIFTY05MAR2423400CE.NFO,2024-03-05,15:20:00,2024-03-05,0.05,0.05,0.05,0.05,0,70960,0
FINNIFTY05MAR2423400CE.NFO,2024-03-05,15:21:00,2024-03-05,0.05,0.05,0.05,0.05,0,70960,0
FINNIFTY05MAR2423400CE.NFO,2024-03-05,15:22:00,2024-03-05,0.05,0.05,0.05,0.05,0,70960,0
FINNIFTY05MAR2423400CE.NFO,2024-03-05,15:23:00,2024-03-05,0.05,0.05,0.05,0.05,0,70960,0
FINNIFTY05MAR2423400CE.NFO,2024-03-05,15:24:00,2024-03-05,0.05,0.05,0.05,0.05,0,70960,0
FINNIFTY05MAR2423400CE.NFO,2024-03-05,15:25:00,2024-03-05,0.05,0.05,0.05,0.05,5400,70040,0
FINNIFTY05MAR2423400CE.NFO,2024-03-05,15:26:00,2024-03-05,0.05,0.05,0.05,0.05,0,70040,0
FINNIFTY05MAR2423400CE.NFO,2024-03-05,15:27:00,2024-03-05,0.05,0.05,0.05,0.05,40,74840,0
FINNIFTY05MAR2423400CE.NFO,2024-03-05,15:28:00,2024-03-05,0.05,0.05,0.05,0.05,40,74840,1
FINNIFTY05MAR2423400CE.NFO,2024-03-05,15:29:00,2024-03-05,0.05,0.45,0.05,0.45,7800,74840,0
FINNIFTY05MAR2423400CE.NFO,2024-03-05,15:30:00,2024-03-05,0.45,0.45,0.45,0.45,7800,74840,1
